Loading AOF...
CMD: SET [p_key] [saved_val]
CMD: ZADD [p_zset] [5] [zmem]
CMD: SET [ttl_test] [value]
CMD: HSET [testhash] [field] [val]
  DEBUG: Created new hash for key [testhash]
  DEBUG: HSET [testhash] Field=[field] Val=[val]
CMD: DEL [testhash]
CMD: SET [b_0] [val]
CMD: SET [b_1] [val]
CMD: SET [b_2] [val]
CMD: SET [b_3] [val]
CMD: SET [b_4] [val]
CMD: SET [b_5] [val]
CMD: SET [b_6] [val]
CMD: SET [b_7] [val]
CMD: SET [b_8] [val]
CMD: SET [b_9] [val]
CMD: SET [b_10] [val]
CMD: SET [b_11] [val]
CMD: SET [b_12] [val]
CMD: SET [b_13] [val]
CMD: SET [b_14] [val]
CMD: SET [b_15] [val]
CMD: SET [b_16] [val]
CMD: SET [b_17] [val]
CMD: SET [b_18] [val]
CMD: SET [b_19] [val]
CMD: SET [b_20] [val]
CMD: SET [b_21] [val]
CMD: SET [b_22] [val]
CMD: SET [b_23] [val]
CMD: SET [b_24] [val]
CMD: SET [b_25] [val]
CMD: SET [b_26] [val]
CMD: SET [b_27] [val]
CMD: SET [b_28] [val]
CMD: SET [b_29] [val]
CMD: SET [b_30] [val]
CMD: SET [b_31] [val]
CMD: SET [b_32] [val]
CMD: SET [b_33] [val]
CMD: SET [b_34] [val]
CMD: SET [b_35] [val]
CMD: SET [b_36] [val]
CMD: SET [b_37] [val]
CMD: SET [b_38] [val]
CMD: SET [b_39] [val]
CMD: SET [b_40] [val]
CMD: SET [b_41] [val]
CMD: SET [b_42] [val]
CMD: SET [b_43] [val]
CMD: SET [b_44] [val]
CMD: SET [b_45] [val]
CMD: SET [b_46] [val]
CMD: SET [b_47] [val]
CMD: SET [b_48] [val]
CMD: SET [b_49] [val]
CMD: SET [b_50] [val]
CMD: SET [b_51] [val]
CMD: SET [b_52] [val]
CMD: SET [b_53] [val]
CMD: SET [b_54] [val]
CMD: SET [b_55] [val]
CMD: SET [b_56] [val]
CMD: SET [b_57] [val]
CMD: SET [b_58] [val]
CMD: SET [b_59] [val]
CMD: SET [b_60] [val]
CMD: SET [b_61] [val]
CMD: SET [b_62] [val]
CMD: SET [b_63] [val]
CMD: SET [b_64] [val]
CMD: SET [b_65] [val]
CMD: SET [b_66] [val]
CMD: SET [b_67] [val]
CMD: SET [b_68] [val]
CMD: SET [b_69] [val]
CMD: SET [b_70] [val]
CMD: SET [b_71] [val]
CMD: SET [b_72] [val]
CMD: SET [b_73] [val]
CMD: SET [b_74] [val]
CMD: SET [b_75] [val]
CMD: SET [b_76] [val]
CMD: SET [b_77] [val]
CMD: SET [b_78] [val]
CMD: SET [b_79] [val]
CMD: SET [b_80] [val]
CMD: SET [b_81] [val]
CMD: SET [b_82] [val]
CMD: SET [b_83] [val]
CMD: SET [b_84] [val]
CMD: SET [b_85] [val]
CMD: SET [b_86] [val]
CMD: SET [b_87] [val]
CMD: SET [b_88] [val]
CMD: SET [b_89] [val]
CMD: SET [b_90] [val]
CMD: SET [b_91] [val]
CMD: SET [b_92] [val]
CMD: SET [b_93] [val]
CMD: SET [b_94] [val]
CMD: SET [b_95] [val]
CMD: SET [b_96] [val]
CMD: SET [b_97] [val]
CMD: SET [b_98] [val]
CMD: SET [b_99] [val]
CMD: SET [b_100] [val]
CMD: SET [b_101] [val]
CMD: SET [b_102] [val]
CMD: SET [b_103] [val]
CMD: SET [b_104] [val]
CMD: SET [b_105] [val]
CMD: SET [b_106] [val]
CMD: SET [b_107] [val]
CMD: SET [b_108] [val]
CMD: SET [b_109] [val]
CMD: SET [b_110] [val]
CMD: SET [b_111] [val]
CMD: SET [b_112] [val]
CMD: SET [b_113] [val]
CMD: SET [b_114] [val]
CMD: SET [b_115] [val]
CMD: SET [b_116] [val]
CMD: SET [b_117] [val]
CMD: SET [b_118] [val]
CMD: SET [b_119] [val]
CMD: SET [b_120] [val]
CMD: SET [b_121] [val]
CMD: SET [b_122] [val]
CMD: SET [b_123] [val]
CMD: SET [b_124] [val]
CMD: SET [b_125] [val]
CMD: SET [b_126] [val]
CMD: SET [b_127] [val]
CMD: SET [b_128] [val]
CMD: SET [b_129] [val]
CMD: SET [b_130] [val]
CMD: SET [b_131] [val]
CMD: SET [b_132] [val]
CMD: SET [b_133] [val]
CMD: SET [b_134] [val]
CMD: SET [b_135] [val]
CMD: SET [b_136] [val]
CMD: SET [b_137] [val]
CMD: SET [b_138] [val]
CMD: SET [b_139] [val]
CMD: SET [b_140] [val]
CMD: SET [b_141] [val]
CMD: SET [b_142] [val]
CMD: SET [b_143] [val]
CMD: SET [b_144] [val]
CMD: SET [b_145] [val]
CMD: SET [b_146] [val]
CMD: SET [b_147] [val]
CMD: SET [b_148] [val]
CMD: SET [b_149] [val]
CMD: SET [b_150] [val]
CMD: SET [b_151] [val]
CMD: SET [b_152] [val]
CMD: SET [b_153] [val]
CMD: SET [b_154] [val]
CMD: SET [b_155] [val]
CMD: SET [b_156] [val]
CMD: SET [b_157] [val]
CMD: SET [b_158] [val]
CMD: SET [b_159] [val]
CMD: SET [b_160] [val]
CMD: SET [b_161] [val]
CMD: SET [b_162] [val]
CMD: SET [b_163] [val]
CMD: SET [b_164] [val]
CMD: SET [b_165] [val]
CMD: SET [b_166] [val]
CMD: SET [b_167] [val]
CMD: SET [b_168] [val]
CMD: SET [b_169] [val]
CMD: SET [b_170] [val]
CMD: SET [b_171] [val]
CMD: SET [b_172] [val]
CMD: SET [b_173] [val]
CMD: SET [b_174] [val]
CMD: SET [b_175] [val]
CMD: SET [b_176] [val]
CMD: SET [b_177] [val]
CMD: SET [b_178] [val]
CMD: SET [b_179] [val]
CMD: SET [b_180] [val]
CMD: SET [b_181] [val]
CMD: SET [b_182] [val]
CMD: SET [b_183] [val]
CMD: SET [b_184] [val]
CMD: SET [b_185] [val]
CMD: SET [b_186] [val]
CMD: SET [b_187] [val]
CMD: SET [b_188] [val]
CMD: SET [b_189] [val]
CMD: SET [b_190] [val]
CMD: SET [b_191] [val]
CMD: SET [b_192] [val]
CMD: SET [b_193] [val]
CMD: SET [b_194] [val]
CMD: SET [b_195] [val]
CMD: SET [b_196] [val]
CMD: SET [b_197] [val]
CMD: SET [b_198] [val]
CMD: SET [b_199] [val]
CMD: SET [b_200] [val]
CMD: SET [b_201] [val]
CMD: SET [b_202] [val]
CMD: SET [b_203] [val]
CMD: SET [b_204] [val]
CMD: SET [b_205] [val]
CMD: SET [b_206] [val]
CMD: SET [b_207] [val]
CMD: SET [b_208] [val]
CMD: SET [b_209] [val]
CMD: SET [b_210] [val]
CMD: SET [b_211] [val]
CMD: SET [b_212] [val]
CMD: SET [b_213] [val]
CMD: SET [b_214] [val]
CMD: SET [b_215] [val]
CMD: SET [b_216] [val]
CMD: SET [b_217] [val]
CMD: SET [b_218] [val]
CMD: SET [b_219] [val]
CMD: SET [b_220] [val]
CMD: SET [b_221] [val]
CMD: SET [b_222] [val]
CMD: SET [b_223] [val]
CMD: SET [b_224] [val]
CMD: SET [b_225] [val]
CMD: SET [b_226] [val]
CMD: SET [b_227] [val]
CMD: SET [b_228] [val]
CMD: SET [b_229] [val]
CMD: SET [b_230] [val]
CMD: SET [b_231] [val]
CMD: SET [b_232] [val]
CMD: SET [b_233] [val]
CMD: SET [b_234] [val]
CMD: SET [b_235] [val]
CMD: SET [b_236] [val]
CMD: SET [b_237] [val]
CMD: SET [b_238] [val]
CMD: SET [b_239] [val]
CMD: SET [b_240] [val]
CMD: SET [b_241] [val]
CMD: SET [b_242] [val]
CMD: SET [b_243] [val]
CMD: SET [b_244] [val]
CMD: SET [b_245] [val]
CMD: SET [b_246] [val]
CMD: SET [b_247] [val]
CMD: SET [b_248] [val]
CMD: SET [b_249] [val]
CMD: SET [b_250] [val]
CMD: SET [b_251] [val]
CMD: SET [b_252] [val]
CMD: SET [b_253] [val]
CMD: SET [b_254] [val]
CMD: SET [b_255] [val]
CMD: SET [b_256] [val]
CMD: SET [b_257] [val]
CMD: SET [b_258] [val]
CMD: SET [b_259] [val]
CMD: SET [b_260] [val]
CMD: SET [b_261] [val]
CMD: SET [b_262] [val]
CMD: SET [b_263] [val]
CMD: SET [b_264] [val]
CMD: SET [b_265] [val]
CMD: SET [b_266] [val]
CMD: SET [b_267] [val]
CMD: SET [b_268] [val]
CMD: SET [b_269] [val]
CMD: SET [b_270] [val]
CMD: SET [b_271] [val]
CMD: SET [b_272] [val]
CMD: SET [b_273] [val]
CMD: SET [b_274] [val]
CMD: SET [b_275] [val]
CMD: SET [b_276] [val]
CMD: SET [b_277] [val]
CMD: SET [b_278] [val]
CMD: SET [b_279] [val]
CMD: SET [b_280] [val]
CMD: SET [b_281] [val]
CMD: SET [b_282] [val]
CMD: SET [b_283] [val]
CMD: SET [b_284] [val]
CMD: SET [b_285] [val]
CMD: SET [b_286] [val]
CMD: SET [b_287] [val]
CMD: SET [b_288] [val]
CMD: SET [b_289] [val]
CMD: SET [b_290] [val]
CMD: SET [b_291] [val]
CMD: SET [b_292] [val]
CMD: SET [b_293] [val]
CMD: SET [b_294] [val]
CMD: SET [b_295] [val]
CMD: SET [b_296] [val]
CMD: SET [b_297] [val]
CMD: SET [b_298] [val]
CMD: SET [b_299] [val]
CMD: SET [b_300] [val]
CMD: SET [b_301] [val]
CMD: SET [b_302] [val]
CMD: SET [b_303] [val]
CMD: SET [b_304] [val]
CMD: SET [b_305] [val]
CMD: SET [b_306] [val]
CMD: SET [b_307] [val]
CMD: SET [b_308] [val]
CMD: SET [b_309] [val]
CMD: SET [b_310] [val]
CMD: SET [b_311] [val]
CMD: SET [b_312] [val]
CMD: SET [b_313] [val]
CMD: SET [b_314] [val]
CMD: SET [b_315] [val]
CMD: SET [b_316] [val]
CMD: SET [b_317] [val]
CMD: SET [b_318] [val]
CMD: SET [b_319] [val]
CMD: SET [b_320] [val]
CMD: SET [b_321] [val]
CMD: SET [b_322] [val]
CMD: SET [b_323] [val]
CMD: SET [b_324] [val]
CMD: SET [b_325] [val]
CMD: SET [b_326] [val]
CMD: SET [b_327] [val]
CMD: SET [b_328] [val]
CMD: SET [b_329] [val]
CMD: SET [b_330] [val]
CMD: SET [b_331] [val]
CMD: SET [b_332] [val]
CMD: SET [b_333] [val]
CMD: SET [b_334] [val]
CMD: SET [b_335] [val]
CMD: SET [b_336] [val]
CMD: SET [b_337] [val]
CMD: SET [b_338] [val]
CMD: SET [b_339] [val]
CMD: SET [b_340] [val]
CMD: SET [b_341] [val]
CMD: SET [b_342] [val]
CMD: SET [b_343] [val]
CMD: SET [b_344] [val]
CMD: SET [b_345] [val]
CMD: SET [b_346] [val]
CMD: SET [b_347] [val]
CMD: SET [b_348] [val]
CMD: SET [b_349] [val]
CMD: SET [b_350] [val]
CMD: SET [b_351] [val]
CMD: SET [b_352] [val]
CMD: SET [b_353] [val]
CMD: SET [b_354] [val]
CMD: SET [b_355] [val]
CMD: SET [b_356] [val]
CMD: SET [b_357] [val]
CMD: SET [b_358] [val]
CMD: SET [b_359] [val]
CMD: SET [b_360] [val]
CMD: SET [b_361] [val]
CMD: SET [b_362] [val]
CMD: SET [b_363] [val]
CMD: SET [b_364] [val]
CMD: SET [b_365] [val]
CMD: SET [b_366] [val]
CMD: SET [b_367] [val]
CMD: SET [b_368] [val]
CMD: SET [b_369] [val]
CMD: SET [b_370] [val]
CMD: SET [b_371] [val]
CMD: SET [b_372] [val]
CMD: SET [b_373] [val]
CMD: SET [b_374] [val]
CMD: SET [b_375] [val]
CMD: SET [b_376] [val]
CMD: SET [b_377] [val]
CMD: SET [b_378] [val]
CMD: SET [b_379] [val]
CMD: SET [b_380] [val]
CMD: SET [b_381] [val]
CMD: SET [b_382] [val]
CMD: SET [b_383] [val]
CMD: SET [b_384] [val]
CMD: SET [b_385] [val]
CMD: SET [b_386] [val]
CMD: SET [b_387] [val]
CMD: SET [b_388] [val]
CMD: SET [b_389] [val]
CMD: SET [b_390] [val]
CMD: SET [b_391] [val]
CMD: SET [b_392] [val]
CMD: SET [b_393] [val]
CMD: SET [b_394] [val]
CMD: SET [b_395] [val]
CMD: SET [b_396] [val]
CMD: SET [b_397] [val]
CMD: SET [b_398] [val]
CMD: SET [b_399] [val]
CMD: SET [b_400] [val]
CMD: SET [b_401] [val]
CMD: SET [b_402] [val]
CMD: SET [b_403] [val]
CMD: SET [b_404] [val]
CMD: SET [b_405] [val]
CMD: SET [b_406] [val]
CMD: SET [b_407] [val]
CMD: SET [b_408] [val]
CMD: SET [b_409] [val]
CMD: SET [b_410] [val]
CMD: SET [b_411] [val]
CMD: SET [b_412] [val]
CMD: SET [b_413] [val]
CMD: SET [b_414] [val]
CMD: SET [b_415] [val]
CMD: SET [b_416] [val]
CMD: SET [b_417] [val]
CMD: SET [b_418] [val]
CMD: SET [b_419] [val]
CMD: SET [b_420] [val]
CMD: SET [b_421] [val]
CMD: SET [b_422] [val]
CMD: SET [b_423] [val]
CMD: SET [b_424] [val]
CMD: SET [b_425] [val]
CMD: SET [b_426] [val]
CMD: SET [b_427] [val]
CMD: SET [b_428] [val]
CMD: SET [b_429] [val]
CMD: SET [b_430] [val]
CMD: SET [b_431] [val]
CMD: SET [b_432] [val]
CMD: SET [b_433] [val]
CMD: SET [b_434] [val]
CMD: SET [b_435] [val]
CMD: SET [b_436] [val]
CMD: SET [b_437] [val]
CMD: SET [b_438] [val]
CMD: SET [b_439] [val]
CMD: SET [b_440] [val]
CMD: SET [b_441] [val]
CMD: SET [b_442] [val]
CMD: SET [b_443] [val]
CMD: SET [b_444] [val]
CMD: SET [b_445] [val]
CMD: SET [b_446] [val]
CMD: SET [b_447] [val]
CMD: SET [b_448] [val]
CMD: SET [b_449] [val]
CMD: SET [b_450] [val]
CMD: SET [b_451] [val]
CMD: SET [b_452] [val]
CMD: SET [b_453] [val]
CMD: SET [b_454] [val]
CMD: SET [b_455] [val]
CMD: SET [b_456] [val]
CMD: SET [b_457] [val]
CMD: SET [b_458] [val]
CMD: SET [b_459] [val]
CMD: SET [b_460] [val]
CMD: SET [b_461] [val]
CMD: SET [b_462] [val]
CMD: SET [b_463] [val]
CMD: SET [b_464] [val]
CMD: SET [b_465] [val]
CMD: SET [b_466] [val]
CMD: SET [b_467] [val]
CMD: SET [b_468] [val]
CMD: SET [b_469] [val]
CMD: SET [b_470] [val]
CMD: SET [b_471] [val]
CMD: SET [b_472] [val]
CMD: SET [b_473] [val]
CMD: SET [b_474] [val]
CMD: SET [b_475] [val]
CMD: SET [b_476] [val]
CMD: SET [b_477] [val]
CMD: SET [b_478] [val]
CMD: SET [b_479] [val]
CMD: SET [b_480] [val]
CMD: SET [b_481] [val]
CMD: SET [b_482] [val]
CMD: SET [b_483] [val]
CMD: SET [b_484] [val]
CMD: SET [b_485] [val]
CMD: SET [b_486] [val]
CMD: SET [b_487] [val]
CMD: SET [b_488] [val]
CMD: SET [b_489] [val]
CMD: SET [b_490] [val]
CMD: SET [b_491] [val]
CMD: SET [b_492] [val]
CMD: SET [b_493] [val]
CMD: SET [b_494] [val]
CMD: SET [b_495] [val]
CMD: SET [b_496] [val]
CMD: SET [b_497] [val]
CMD: SET [b_498] [val]
CMD: SET [b_499] [val]
CMD: SET [b_500] [val]
CMD: SET [b_501] [val]
CMD: SET [b_502] [val]
CMD: SET [b_503] [val]
CMD: SET [b_504] [val]
CMD: SET [b_505] [val]
CMD: SET [b_506] [val]
CMD: SET [b_507] [val]
CMD: SET [b_508] [val]
CMD: SET [b_509] [val]
CMD: SET [b_510] [val]
CMD: SET [b_511] [val]
CMD: SET [b_512] [val]
CMD: SET [b_513] [val]
CMD: SET [b_514] [val]
CMD: SET [b_515] [val]
CMD: SET [b_516] [val]
CMD: SET [b_517] [val]
CMD: SET [b_518] [val]
CMD: SET [b_519] [val]
CMD: SET [b_520] [val]
CMD: SET [b_521] [val]
CMD: SET [b_522] [val]
CMD: SET [b_523] [val]
CMD: SET [b_524] [val]
CMD: SET [b_525] [val]
CMD: SET [b_526] [val]
CMD: SET [b_527] [val]
CMD: SET [b_528] [val]
CMD: SET [b_529] [val]
CMD: SET [b_530] [val]
CMD: SET [b_531] [val]
CMD: SET [b_532] [val]
CMD: SET [b_533] [val]
CMD: SET [b_534] [val]
CMD: SET [b_535] [val]
CMD: SET [b_536] [val]
CMD: SET [b_537] [val]
CMD: SET [b_538] [val]
CMD: SET [b_539] [val]
CMD: SET [b_540] [val]
CMD: SET [b_541] [val]
CMD: SET [b_542] [val]
CMD: SET [b_543] [val]
CMD: SET [b_544] [val]
CMD: SET [b_545] [val]
CMD: SET [b_546] [val]
CMD: SET [b_547] [val]
CMD: SET [b_548] [val]
CMD: SET [b_549] [val]
CMD: SET [b_550] [val]
CMD: SET [b_551] [val]
CMD: SET [b_552] [val]
CMD: SET [b_553] [val]
CMD: SET [b_554] [val]
CMD: SET [b_555] [val]
CMD: SET [b_556] [val]
CMD: SET [b_557] [val]
CMD: SET [b_558] [val]
CMD: SET [b_559] [val]
CMD: SET [b_560] [val]
CMD: SET [b_561] [val]
CMD: SET [b_562] [val]
CMD: SET [b_563] [val]
CMD: SET [b_564] [val]
CMD: SET [b_565] [val]
CMD: SET [b_566] [val]
CMD: SET [b_567] [val]
CMD: SET [b_568] [val]
CMD: SET [b_569] [val]
CMD: SET [b_570] [val]
CMD: SET [b_571] [val]
CMD: SET [b_572] [val]
CMD: SET [b_573] [val]
CMD: SET [b_574] [val]
CMD: SET [b_575] [val]
CMD: SET [b_576] [val]
CMD: SET [b_577] [val]
CMD: SET [b_578] [val]
CMD: SET [b_579] [val]
CMD: SET [b_580] [val]
CMD: SET [b_581] [val]
CMD: SET [b_582] [val]
CMD: SET [b_583] [val]
CMD: SET [b_584] [val]
CMD: SET [b_585] [val]
CMD: SET [b_586] [val]
CMD: SET [b_587] [val]
CMD: SET [b_588] [val]
CMD: SET [b_589] [val]
CMD: SET [b_590] [val]
CMD: SET [b_591] [val]
CMD: SET [b_592] [val]
CMD: SET [b_593] [val]
CMD: SET [b_594] [val]
CMD: SET [b_595] [val]
CMD: SET [b_596] [val]
CMD: SET [b_597] [val]
CMD: SET [b_598] [val]
CMD: SET [b_599] [val]
CMD: SET [b_600] [val]
CMD: SET [b_601] [val]
CMD: SET [b_602] [val]
CMD: SET [b_603] [val]
CMD: SET [b_604] [val]
CMD: SET [b_605] [val]
CMD: SET [b_606] [val]
CMD: SET [b_607] [val]
CMD: SET [b_608] [val]
CMD: SET [b_609] [val]
CMD: SET [b_610] [val]
CMD: SET [b_611] [val]
CMD: SET [b_612] [val]
CMD: SET [b_613] [val]
CMD: SET [b_614] [val]
CMD: SET [b_615] [val]
CMD: SET [b_616] [val]
CMD: SET [b_617] [val]
CMD: SET [b_618] [val]
CMD: SET [b_619] [val]
CMD: SET [b_620] [val]
CMD: SET [b_621] [val]
CMD: SET [b_622] [val]
CMD: SET [b_623] [val]
CMD: SET [b_624] [val]
CMD: SET [b_625] [val]
CMD: SET [b_626] [val]
CMD: SET [b_627] [val]
CMD: SET [b_628] [val]
CMD: SET [b_629] [val]
CMD: SET [b_630] [val]
CMD: SET [b_631] [val]
CMD: SET [b_632] [val]
CMD: SET [b_633] [val]
CMD: SET [b_634] [val]
CMD: SET [b_635] [val]
CMD: SET [b_636] [val]
CMD: SET [b_637] [val]
CMD: SET [b_638] [val]
CMD: SET [b_639] [val]
CMD: SET [b_640] [val]
CMD: SET [b_641] [val]
CMD: SET [b_642] [val]
CMD: SET [b_643] [val]
CMD: SET [b_644] [val]
CMD: SET [b_645] [val]
CMD: SET [b_646] [val]
CMD: SET [b_647] [val]
CMD: SET [b_648] [val]
CMD: SET [b_649] [val]
CMD: SET [b_650] [val]
CMD: SET [b_651] [val]
CMD: SET [b_652] [val]
CMD: SET [b_653] [val]
CMD: SET [b_654] [val]
CMD: SET [b_655] [val]
CMD: SET [b_656] [val]
CMD: SET [b_657] [val]
CMD: SET [b_658] [val]
CMD: SET [b_659] [val]
CMD: SET [b_660] [val]
CMD: SET [b_661] [val]
CMD: SET [b_662] [val]
CMD: SET [b_663] [val]
CMD: SET [b_664] [val]
CMD: SET [b_665] [val]
CMD: SET [b_666] [val]
CMD: SET [b_667] [val]
CMD: SET [b_668] [val]
CMD: SET [b_669] [val]
CMD: SET [b_670] [val]
CMD: SET [b_671] [val]
CMD: SET [b_672] [val]
CMD: SET [b_673] [val]
CMD: SET [b_674] [val]
CMD: SET [b_675] [val]
CMD: SET [b_676] [val]
CMD: SET [b_677] [val]
CMD: SET [b_678] [val]
CMD: SET [b_679] [val]
CMD: SET [b_680] [val]
CMD: SET [b_681] [val]
CMD: SET [b_682] [val]
CMD: SET [b_683] [val]
CMD: SET [b_684] [val]
CMD: SET [b_685] [val]
CMD: SET [b_686] [val]
CMD: SET [b_687] [val]
CMD: SET [b_688] [val]
CMD: SET [b_689] [val]
CMD: SET [b_690] [val]
CMD: SET [b_691] [val]
CMD: SET [b_692] [val]
CMD: SET [b_693] [val]
CMD: SET [b_694] [val]
CMD: SET [b_695] [val]
CMD: SET [b_696] [val]
CMD: SET [b_697] [val]
CMD: SET [b_698] [val]
CMD: SET [b_699] [val]
CMD: SET [b_700] [val]
CMD: SET [b_701] [val]
CMD: SET [b_702] [val]
CMD: SET [b_703] [val]
CMD: SET [b_704] [val]
CMD: SET [b_705] [val]
CMD: SET [b_706] [val]
CMD: SET [b_707] [val]
CMD: SET [b_708] [val]
CMD: SET [b_709] [val]
CMD: SET [b_710] [val]
CMD: SET [b_711] [val]
CMD: SET [b_712] [val]
CMD: SET [b_713] [val]
CMD: SET [b_714] [val]
CMD: SET [b_715] [val]
CMD: SET [b_716] [val]
CMD: SET [b_717] [val]
CMD: SET [b_718] [val]
CMD: SET [b_719] [val]
CMD: SET [b_720] [val]
CMD: SET [b_721] [val]
CMD: SET [b_722] [val]
CMD: SET [b_723] [val]
CMD: SET [b_724] [val]
CMD: SET [b_725] [val]
CMD: SET [b_726] [val]
CMD: SET [b_727] [val]
CMD: SET [b_728] [val]
CMD: SET [b_729] [val]
CMD: SET [b_730] [val]
CMD: SET [b_731] [val]
CMD: SET [b_732] [val]
CMD: SET [b_733] [val]
CMD: SET [b_734] [val]
CMD: SET [b_735] [val]
CMD: SET [b_736] [val]
CMD: SET [b_737] [val]
CMD: SET [b_738] [val]
CMD: SET [b_739] [val]
CMD: SET [b_740] [val]
CMD: SET [b_741] [val]
CMD: SET [b_742] [val]
CMD: SET [b_743] [val]
CMD: SET [b_744] [val]
CMD: SET [b_745] [val]
CMD: SET [b_746] [val]
CMD: SET [b_747] [val]
CMD: SET [b_748] [val]
CMD: SET [b_749] [val]
CMD: SET [b_750] [val]
CMD: SET [b_751] [val]
CMD: SET [b_752] [val]
CMD: SET [b_753] [val]
CMD: SET [b_754] [val]
CMD: SET [b_755] [val]
CMD: SET [b_756] [val]
CMD: SET [b_757] [val]
CMD: SET [b_758] [val]
CMD: SET [b_759] [val]
CMD: SET [b_760] [val]
CMD: SET [b_761] [val]
CMD: SET [b_762] [val]
CMD: SET [b_763] [val]
CMD: SET [b_764] [val]
CMD: SET [b_765] [val]
CMD: SET [b_766] [val]
CMD: SET [b_767] [val]
CMD: SET [b_768] [val]
CMD: SET [b_769] [val]
CMD: SET [b_770] [val]
CMD: SET [b_771] [val]
CMD: SET [b_772] [val]
CMD: SET [b_773] [val]
CMD: SET [b_774] [val]
CMD: SET [b_775] [val]
CMD: SET [b_776] [val]
CMD: SET [b_777] [val]
CMD: SET [b_778] [val]
CMD: SET [b_779] [val]
CMD: SET [b_780] [val]
CMD: SET [b_781] [val]
CMD: SET [b_782] [val]
CMD: SET [b_783] [val]
CMD: SET [b_784] [val]
CMD: SET [b_785] [val]
CMD: SET [b_786] [val]
CMD: SET [b_787] [val]
CMD: SET [b_788] [val]
CMD: SET [b_789] [val]
CMD: SET [b_790] [val]
CMD: SET [b_791] [val]
CMD: SET [b_792] [val]
CMD: SET [b_793] [val]
CMD: SET [b_794] [val]
CMD: SET [b_795] [val]
CMD: SET [b_796] [val]
CMD: SET [b_797] [val]
CMD: SET [b_798] [val]
CMD: SET [b_799] [val]
CMD: SET [b_800] [val]
CMD: SET [b_801] [val]
CMD: SET [b_802] [val]
CMD: SET [b_803] [val]
CMD: SET [b_804] [val]
CMD: SET [b_805] [val]
CMD: SET [b_806] [val]
CMD: SET [b_807] [val]
CMD: SET [b_808] [val]
CMD: SET [b_809] [val]
CMD: SET [b_810] [val]
CMD: SET [b_811] [val]
CMD: SET [b_812] [val]
CMD: SET [b_813] [val]
CMD: SET [b_814] [val]
CMD: SET [b_815] [val]
CMD: SET [b_816] [val]
CMD: SET [b_817] [val]
CMD: SET [b_818] [val]
CMD: SET [b_819] [val]
CMD: SET [b_820] [val]
CMD: SET [b_821] [val]
CMD: SET [b_822] [val]
CMD: SET [b_823] [val]
CMD: SET [b_824] [val]
CMD: SET [b_825] [val]
CMD: SET [b_826] [val]
CMD: SET [b_827] [val]
CMD: SET [b_828] [val]
CMD: SET [b_829] [val]
CMD: SET [b_830] [val]
CMD: SET [b_831] [val]
CMD: SET [b_832] [val]
CMD: SET [b_833] [val]
CMD: SET [b_834] [val]
CMD: SET [b_835] [val]
CMD: SET [b_836] [val]
CMD: SET [b_837] [val]
CMD: SET [b_838] [val]
CMD: SET [b_839] [val]
CMD: SET [b_840] [val]
CMD: SET [b_841] [val]
CMD: SET [b_842] [val]
CMD: SET [b_843] [val]
CMD: SET [b_844] [val]
CMD: SET [b_845] [val]
CMD: SET [b_846] [val]
CMD: SET [b_847] [val]
CMD: SET [b_848] [val]
CMD: SET [b_849] [val]
CMD: SET [b_850] [val]
CMD: SET [b_851] [val]
CMD: SET [b_852] [val]
CMD: SET [b_853] [val]
CMD: SET [b_854] [val]
CMD: SET [b_855] [val]
CMD: SET [b_856] [val]
CMD: SET [b_857] [val]
CMD: SET [b_858] [val]
CMD: SET [b_859] [val]
CMD: SET [b_860] [val]
CMD: SET [b_861] [val]
CMD: SET [b_862] [val]
CMD: SET [b_863] [val]
CMD: SET [b_864] [val]
CMD: SET [b_865] [val]
CMD: SET [b_866] [val]
CMD: SET [b_867] [val]
CMD: SET [b_868] [val]
CMD: SET [b_869] [val]
CMD: SET [b_870] [val]
CMD: SET [b_871] [val]
CMD: SET [b_872] [val]
CMD: SET [b_873] [val]
CMD: SET [b_874] [val]
CMD: SET [b_875] [val]
CMD: SET [b_876] [val]
CMD: SET [b_877] [val]
CMD: SET [b_878] [val]
CMD: SET [b_879] [val]
CMD: SET [b_880] [val]
CMD: SET [b_881] [val]
CMD: SET [b_882] [val]
CMD: SET [b_883] [val]
CMD: SET [b_884] [val]
CMD: SET [b_885] [val]
CMD: SET [b_886] [val]
CMD: SET [b_887] [val]
CMD: SET [b_888] [val]
CMD: SET [b_889] [val]
CMD: SET [b_890] [val]
CMD: SET [b_891] [val]
CMD: SET [b_892] [val]
CMD: SET [b_893] [val]
CMD: SET [b_894] [val]
CMD: SET [b_895] [val]
CMD: SET [b_896] [val]
CMD: SET [b_897] [val]
CMD: SET [b_898] [val]
CMD: SET [b_899] [val]
CMD: SET [b_900] [val]
CMD: SET [b_901] [val]
CMD: SET [b_902] [val]
CMD: SET [b_903] [val]
CMD: SET [b_904] [val]
CMD: SET [b_905] [val]
CMD: SET [b_906] [val]
CMD: SET [b_907] [val]
CMD: SET [b_908] [val]
CMD: SET [b_909] [val]
CMD: SET [b_910] [val]
CMD: SET [b_911] [val]
CMD: SET [b_912] [val]
CMD: SET [b_913] [val]
CMD: SET [b_914] [val]
CMD: SET [b_915] [val]
CMD: SET [b_916] [val]
CMD: SET [b_917] [val]
CMD: SET [b_918] [val]
CMD: SET [b_919] [val]
CMD: SET [b_920] [val]
CMD: SET [b_921] [val]
CMD: SET [b_922] [val]
CMD: SET [b_923] [val]
CMD: SET [b_924] [val]
CMD: SET [b_925] [val]
CMD: SET [b_926] [val]
CMD: SET [b_927] [val]
CMD: SET [b_928] [val]
CMD: SET [b_929] [val]
CMD: SET [b_930] [val]
CMD: SET [b_931] [val]
CMD: SET [b_932] [val]
CMD: SET [b_933] [val]
CMD: SET [b_934] [val]
CMD: SET [b_935] [val]
CMD: SET [b_936] [val]
CMD: SET [b_937] [val]
CMD: SET [b_938] [val]
CMD: SET [b_939] [val]
CMD: SET [b_940] [val]
CMD: SET [b_941] [val]
CMD: SET [b_942] [val]
CMD: SET [b_943] [val]
CMD: SET [b_944] [val]
CMD: SET [b_945] [val]
CMD: SET [b_946] [val]
CMD: SET [b_947] [val]
CMD: SET [b_948] [val]
CMD: SET [b_949] [val]
CMD: SET [b_950] [val]
CMD: SET [b_951] [val]
CMD: SET [b_952] [val]
CMD: SET [b_953] [val]
CMD: SET [b_954] [val]
CMD: SET [b_955] [val]
CMD: SET [b_956] [val]
CMD: SET [b_957] [val]
CMD: SET [b_958] [val]
CMD: SET [b_959] [val]
CMD: SET [b_960] [val]
CMD: SET [b_961] [val]
CMD: SET [b_962] [val]
CMD: SET [b_963] [val]
CMD: SET [b_964] [val]
CMD: SET [b_965] [val]
CMD: SET [b_966] [val]
CMD: SET [b_967] [val]
CMD: SET [b_968] [val]
CMD: SET [b_969] [val]
CMD: SET [b_970] [val]
CMD: SET [b_971] [val]
CMD: SET [b_972] [val]
CMD: SET [b_973] [val]
CMD: SET [b_974] [val]
CMD: SET [b_975] [val]
CMD: SET [b_976] [val]
CMD: SET [b_977] [val]
CMD: SET [b_978] [val]
CMD: SET [b_979] [val]
CMD: SET [b_980] [val]
CMD: SET [b_981] [val]
CMD: SET [b_982] [val]
CMD: SET [b_983] [val]
CMD: SET [b_984] [val]
CMD: SET [b_985] [val]
CMD: SET [b_986] [val]
CMD: SET [b_987] [val]
CMD: SET [b_988] [val]
CMD: SET [b_989] [val]
CMD: SET [b_990] [val]
CMD: SET [b_991] [val]
CMD: SET [b_992] [val]
CMD: SET [b_993] [val]
CMD: SET [b_994] [val]
CMD: SET [b_995] [val]
CMD: SET [b_996] [val]
CMD: SET [b_997] [val]
CMD: SET [b_998] [val]
CMD: SET [b_999] [val]
CMD: SET [b_1000] [val]
CMD: SET [b_1001] [val]
CMD: SET [b_1002] [val]
CMD: SET [b_1003] [val]
CMD: SET [b_1004] [val]
CMD: SET [b_1005] [val]
CMD: SET [b_1006] [val]
CMD: SET [b_1007] [val]
CMD: SET [b_1008] [val]
CMD: SET [b_1009] [val]
CMD: SET [b_1010] [val]
CMD: SET [b_1011] [val]
CMD: SET [b_1012] [val]
CMD: SET [b_1013] [val]
CMD: SET [b_1014] [val]
CMD: SET [b_1015] [val]
CMD: SET [b_1016] [val]
CMD: SET [b_1017] [val]
CMD: SET [b_1018] [val]
CMD: SET [b_1019] [val]
CMD: SET [b_1020] [val]
CMD: SET [b_1021] [val]
CMD: SET [b_1022] [val]
CMD: SET [b_1023] [val]
CMD: SET [b_1024] [val]
CMD: SET [b_1025] [val]
CMD: SET [b_1026] [val]
CMD: SET [b_1027] [val]
CMD: SET [b_1028] [val]
CMD: SET [b_1029] [val]
CMD: SET [b_1030] [val]
CMD: SET [b_1031] [val]
CMD: SET [b_1032] [val]
CMD: SET [b_1033] [val]
CMD: SET [b_1034] [val]
CMD: SET [b_1035] [val]
CMD: SET [b_1036] [val]
CMD: SET [b_1037] [val]
CMD: SET [b_1038] [val]
CMD: SET [b_1039] [val]
CMD: SET [b_1040] [val]
CMD: SET [b_1041] [val]
CMD: SET [b_1042] [val]
CMD: SET [b_1043] [val]
CMD: SET [b_1044] [val]
CMD: SET [b_1045] [val]
CMD: SET [b_1046] [val]
CMD: SET [b_1047] [val]
CMD: SET [b_1048] [val]
CMD: SET [b_1049] [val]
CMD: SET [b_1050] [val]
CMD: SET [b_1051] [val]
CMD: SET [b_1052] [val]
CMD: SET [b_1053] [val]
CMD: SET [b_1054] [val]
CMD: SET [b_1055] [val]
CMD: SET [b_1056] [val]
CMD: SET [b_1057] [val]
CMD: SET [b_1058] [val]
CMD: SET [b_1059] [val]
CMD: SET [b_1060] [val]
CMD: SET [b_1061] [val]
CMD: SET [b_1062] [val]
CMD: SET [b_1063] [val]
CMD: SET [b_1064] [val]
CMD: SET [b_1065] [val]
CMD: SET [b_1066] [val]
CMD: SET [b_1067] [val]
CMD: SET [b_1068] [val]
CMD: SET [b_1069] [val]
CMD: SET [b_1070] [val]
CMD: SET [b_1071] [val]
CMD: SET [b_1072] [val]
CMD: SET [b_1073] [val]
CMD: SET [b_1074] [val]
CMD: SET [b_1075] [val]
CMD: SET [b_1076] [val]
CMD: SET [b_1077] [val]
CMD: SET [b_1078] [val]
CMD: SET [b_1079] [val]
CMD: SET [b_1080] [val]
CMD: SET [b_1081] [val]
CMD: SET [b_1082] [val]
CMD: SET [b_1083] [val]
CMD: SET [b_1084] [val]
CMD: SET [b_1085] [val]
CMD: SET [b_1086] [val]
CMD: SET [b_1087] [val]
CMD: SET [b_1088] [val]
CMD: SET [b_1089] [val]
CMD: SET [b_1090] [val]
CMD: SET [b_1091] [val]
CMD: SET [b_1092] [val]
CMD: SET [b_1093] [val]
CMD: SET [b_1094] [val]
CMD: SET [b_1095] [val]
CMD: SET [b_1096] [val]
CMD: SET [b_1097] [val]
CMD: SET [b_1098] [val]
CMD: SET [b_1099] [val]
CMD: SET [b_1100] [val]
CMD: SET [b_1101] [val]
CMD: SET [b_1102] [val]
CMD: SET [b_1103] [val]
CMD: SET [b_1104] [val]
CMD: SET [b_1105] [val]
CMD: SET [b_1106] [val]
CMD: SET [b_1107] [val]
CMD: SET [b_1108] [val]
CMD: SET [b_1109] [val]
CMD: SET [b_1110] [val]
CMD: SET [b_1111] [val]
CMD: SET [b_1112] [val]
CMD: SET [b_1113] [val]
CMD: SET [b_1114] [val]
CMD: SET [b_1115] [val]
CMD: SET [b_1116] [val]
CMD: SET [b_1117] [val]
CMD: SET [b_1118] [val]
CMD: SET [b_1119] [val]
CMD: SET [b_1120] [val]
CMD: SET [b_1121] [val]
CMD: SET [b_1122] [val]
CMD: SET [b_1123] [val]
CMD: SET [b_1124] [val]
CMD: SET [b_1125] [val]
CMD: SET [b_1126] [val]
CMD: SET [b_1127] [val]
CMD: SET [b_1128] [val]
CMD: SET [b_1129] [val]
CMD: SET [b_1130] [val]
CMD: SET [b_1131] [val]
CMD: SET [b_1132] [val]
CMD: SET [b_1133] [val]
CMD: SET [b_1134] [val]
CMD: SET [b_1135] [val]
CMD: SET [b_1136] [val]
CMD: SET [b_1137] [val]
CMD: SET [b_1138] [val]
CMD: SET [b_1139] [val]
CMD: SET [b_1140] [val]
CMD: SET [b_1141] [val]
CMD: SET [b_1142] [val]
CMD: SET [b_1143] [val]
CMD: SET [b_1144] [val]
CMD: SET [b_1145] [val]
CMD: SET [b_1146] [val]
CMD: SET [b_1147] [val]
CMD: SET [b_1148] [val]
CMD: SET [b_1149] [val]
CMD: SET [b_1150] [val]
CMD: SET [b_1151] [val]
CMD: SET [b_1152] [val]
CMD: SET [b_1153] [val]
CMD: SET [b_1154] [val]
CMD: SET [b_1155] [val]
CMD: SET [b_1156] [val]
CMD: SET [b_1157] [val]
CMD: SET [b_1158] [val]
CMD: SET [b_1159] [val]
CMD: SET [b_1160] [val]
CMD: SET [b_1161] [val]
CMD: SET [b_1162] [val]
CMD: SET [b_1163] [val]
CMD: SET [b_1164] [val]
CMD: SET [b_1165] [val]
CMD: SET [b_1166] [val]
CMD: SET [b_1167] [val]
CMD: SET [b_1168] [val]
CMD: SET [b_1169] [val]
CMD: SET [b_1170] [val]
CMD: SET [b_1171] [val]
CMD: SET [b_1172] [val]
CMD: SET [b_1173] [val]
CMD: SET [b_1174] [val]
CMD: SET [b_1175] [val]
CMD: SET [b_1176] [val]
CMD: SET [b_1177] [val]
CMD: SET [b_1178] [val]
CMD: SET [b_1179] [val]
CMD: SET [b_1180] [val]
CMD: SET [b_1181] [val]
CMD: SET [b_1182] [val]
CMD: SET [b_1183] [val]
CMD: SET [b_1184] [val]
CMD: SET [b_1185] [val]
CMD: SET [b_1186] [val]
CMD: SET [b_1187] [val]
CMD: SET [b_1188] [val]
CMD: SET [b_1189] [val]
CMD: SET [b_1190] [val]
CMD: SET [b_1191] [val]
CMD: SET [b_1192] [val]
CMD: SET [b_1193] [val]
CMD: SET [b_1194] [val]
CMD: SET [b_1195] [val]
CMD: SET [b_1196] [val]
CMD: SET [b_1197] [val]
CMD: SET [b_1198] [val]
CMD: SET [b_1199] [val]
CMD: SET [b_1200] [val]
CMD: SET [b_1201] [val]
CMD: SET [b_1202] [val]
CMD: SET [b_1203] [val]
CMD: SET [b_1204] [val]
CMD: SET [b_1205] [val]
CMD: SET [b_1206] [val]
CMD: SET [b_1207] [val]
CMD: SET [b_1208] [val]
CMD: SET [b_1209] [val]
CMD: SET [b_1210] [val]
CMD: SET [b_1211] [val]
CMD: SET [b_1212] [val]
CMD: SET [b_1213] [val]
CMD: SET [b_1214] [val]
CMD: SET [b_1215] [val]
CMD: SET [b_1216] [val]
CMD: SET [b_1217] [val]
CMD: SET [b_1218] [val]
CMD: SET [b_1219] [val]
CMD: SET [b_1220] [val]
CMD: SET [b_1221] [val]
CMD: SET [b_1222] [val]
CMD: SET [b_1223] [val]
CMD: SET [b_1224] [val]
CMD: SET [b_1225] [val]
CMD: SET [b_1226] [val]
CMD: SET [b_1227] [val]
CMD: SET [b_1228] [val]
CMD: SET [b_1229] [val]
CMD: SET [b_1230] [val]
CMD: SET [b_1231] [val]
CMD: SET [b_1232] [val]
CMD: SET [b_1233] [val]
CMD: SET [b_1234] [val]
CMD: SET [b_1235] [val]
CMD: SET [b_1236] [val]
CMD: SET [b_1237] [val]
CMD: SET [b_1238] [val]
CMD: SET [b_1239] [val]
CMD: SET [b_1240] [val]
CMD: SET [b_1241] [val]
CMD: SET [b_1242] [val]
CMD: SET [b_1243] [val]
CMD: SET [b_1244] [val]
CMD: SET [b_1245] [val]
CMD: SET [b_1246] [val]
CMD: SET [b_1247] [val]
CMD: SET [b_1248] [val]
CMD: SET [b_1249] [val]
CMD: SET [b_1250] [val]
CMD: SET [b_1251] [val]
CMD: SET [b_1252] [val]
CMD: SET [b_1253] [val]
CMD: SET [b_1254] [val]
CMD: SET [b_1255] [val]
CMD: SET [b_1256] [val]
CMD: SET [b_1257] [val]
CMD: SET [b_1258] [val]
CMD: SET [b_1259] [val]
CMD: SET [b_1260] [val]
CMD: SET [b_1261] [val]
CMD: SET [b_1262] [val]
CMD: SET [b_1263] [val]
CMD: SET [b_1264] [val]
CMD: SET [b_1265] [val]
CMD: SET [b_1266] [val]
CMD: SET [b_1267] [val]
CMD: SET [b_1268] [val]
CMD: SET [b_1269] [val]
CMD: SET [b_1270] [val]
CMD: SET [b_1271] [val]
CMD: SET [b_1272] [val]
CMD: SET [b_1273] [val]
CMD: SET [b_1274] [val]
CMD: SET [b_1275] [val]
CMD: SET [b_1276] [val]
CMD: SET [b_1277] [val]
CMD: SET [b_1278] [val]
CMD: SET [b_1279] [val]
CMD: SET [b_1280] [val]
CMD: SET [b_1281] [val]
CMD: SET [b_1282] [val]
CMD: SET [b_1283] [val]
CMD: SET [b_1284] [val]
CMD: SET [b_1285] [val]
CMD: SET [b_1286] [val]
CMD: SET [b_1287] [val]
CMD: SET [b_1288] [val]
CMD: SET [b_1289] [val]
CMD: SET [b_1290] [val]
CMD: SET [b_1291] [val]
CMD: SET [b_1292] [val]
CMD: SET [b_1293] [val]
CMD: SET [b_1294] [val]
CMD: SET [b_1295] [val]
CMD: SET [b_1296] [val]
CMD: SET [b_1297] [val]
CMD: SET [b_1298] [val]
CMD: SET [b_1299] [val]
CMD: SET [b_1300] [val]
CMD: SET [b_1301] [val]
CMD: SET [b_1302] [val]
CMD: SET [b_1303] [val]
CMD: SET [b_1304] [val]
CMD: SET [b_1305] [val]
CMD: SET [b_1306] [val]
CMD: SET [b_1307] [val]
CMD: SET [b_1308] [val]
CMD: SET [b_1309] [val]
CMD: SET [b_1310] [val]
CMD: SET [b_1311] [val]
CMD: SET [b_1312] [val]
CMD: SET [b_1313] [val]
CMD: SET [b_1314] [val]
CMD: SET [b_1315] [val]
CMD: SET [b_1316] [val]
CMD: SET [b_1317] [val]
CMD: SET [b_1318] [val]
CMD: SET [b_1319] [val]
CMD: SET [b_1320] [val]
CMD: SET [b_1321] [val]
CMD: SET [b_1322] [val]
CMD: SET [b_1323] [val]
CMD: SET [b_1324] [val]
CMD: SET [b_1325] [val]
CMD: SET [b_1326] [val]
CMD: SET [b_1327] [val]
CMD: SET [b_1328] [val]
CMD: SET [b_1329] [val]
CMD: SET [b_1330] [val]
CMD: SET [b_1331] [val]
CMD: SET [b_1332] [val]
CMD: SET [b_1333] [val]
CMD: SET [b_1334] [val]
CMD: SET [b_1335] [val]
CMD: SET [b_1336] [val]
CMD: SET [b_1337] [val]
CMD: SET [b_1338] [val]
CMD: SET [b_1339] [val]
CMD: SET [b_1340] [val]
CMD: SET [b_1341] [val]
CMD: SET [b_1342] [val]
CMD: SET [b_1343] [val]
CMD: SET [b_1344] [val]
CMD: SET [b_1345] [val]
CMD: SET [b_1346] [val]
CMD: SET [b_1347] [val]
CMD: SET [b_1348] [val]
CMD: SET [b_1349] [val]
CMD: SET [b_1350] [val]
CMD: SET [b_1351] [val]
CMD: SET [b_1352] [val]
CMD: SET [b_1353] [val]
CMD: SET [b_1354] [val]
CMD: SET [b_1355] [val]
CMD: SET [b_1356] [val]
CMD: SET [b_1357] [val]
CMD: SET [b_1358] [val]
CMD: SET [b_1359] [val]
CMD: SET [b_1360] [val]
CMD: SET [b_1361] [val]
CMD: SET [b_1362] [val]
CMD: SET [b_1363] [val]
CMD: SET [b_1364] [val]
CMD: SET [b_1365] [val]
CMD: SET [b_1366] [val]
CMD: SET [b_1367] [val]
CMD: SET [b_1368] [val]
CMD: SET [b_1369] [val]
CMD: SET [b_1370] [val]
CMD: SET [b_1371] [val]
CMD: SET [b_1372] [val]
CMD: SET [b_1373] [val]
CMD: SET [b_1374] [val]
CMD: SET [b_1375] [val]
CMD: SET [b_1376] [val]
CMD: SET [b_1377] [val]
CMD: SET [b_1378] [val]
CMD: SET [b_1379] [val]
CMD: SET [b_1380] [val]
CMD: SET [b_1381] [val]
CMD: SET [b_1382] [val]
CMD: SET [b_1383] [val]
CMD: SET [b_1384] [val]
CMD: SET [b_1385] [val]
CMD: SET [b_1386] [val]
CMD: SET [b_1387] [val]
CMD: SET [b_1388] [val]
CMD: SET [b_1389] [val]
CMD: SET [b_1390] [val]
CMD: SET [b_1391] [val]
CMD: SET [b_1392] [val]
CMD: SET [b_1393] [val]
CMD: SET [b_1394] [val]
CMD: SET [b_1395] [val]
CMD: SET [b_1396] [val]
CMD: SET [b_1397] [val]
CMD: SET [b_1398] [val]
CMD: SET [b_1399] [val]
CMD: SET [b_1400] [val]
CMD: SET [b_1401] [val]
CMD: SET [b_1402] [val]
CMD: SET [b_1403] [val]
CMD: SET [b_1404] [val]
CMD: SET [b_1405] [val]
CMD: SET [b_1406] [val]
CMD: SET [b_1407] [val]
CMD: SET [b_1408] [val]
CMD: SET [b_1409] [val]
CMD: SET [b_1410] [val]
CMD: SET [b_1411] [val]
CMD: SET [b_1412] [val]
CMD: SET [b_1413] [val]
CMD: SET [b_1414] [val]
CMD: SET [b_1415] [val]
CMD: SET [b_1416] [val]
CMD: SET [b_1417] [val]
CMD: SET [b_1418] [val]
CMD: SET [b_1419] [val]
CMD: SET [b_1420] [val]
CMD: SET [b_1421] [val]
CMD: SET [b_1422] [val]
CMD: SET [b_1423] [val]
CMD: SET [b_1424] [val]
CMD: SET [b_1425] [val]
CMD: SET [b_1426] [val]
CMD: SET [b_1427] [val]
CMD: SET [b_1428] [val]
CMD: SET [b_1429] [val]
CMD: SET [b_1430] [val]
CMD: SET [b_1431] [val]
CMD: SET [b_1432] [val]
CMD: SET [b_1433] [val]
CMD: SET [b_1434] [val]
CMD: SET [b_1435] [val]
CMD: SET [b_1436] [val]
CMD: SET [b_1437] [val]
CMD: SET [b_1438] [val]
CMD: SET [b_1439] [val]
CMD: SET [b_1440] [val]
CMD: SET [b_1441] [val]
CMD: SET [b_1442] [val]
CMD: SET [b_1443] [val]
CMD: SET [b_1444] [val]
CMD: SET [b_1445] [val]
CMD: SET [b_1446] [val]
CMD: SET [b_1447] [val]
CMD: SET [b_1448] [val]
CMD: SET [b_1449] [val]
CMD: SET [b_1450] [val]
CMD: SET [b_1451] [val]
CMD: SET [b_1452] [val]
CMD: SET [b_1453] [val]
CMD: SET [b_1454] [val]
CMD: SET [b_1455] [val]
CMD: SET [b_1456] [val]
CMD: SET [b_1457] [val]
CMD: SET [b_1458] [val]
CMD: SET [b_1459] [val]
CMD: SET [b_1460] [val]
CMD: SET [b_1461] [val]
CMD: SET [b_1462] [val]
CMD: SET [b_1463] [val]
CMD: SET [b_1464] [val]
CMD: SET [b_1465] [val]
CMD: SET [b_1466] [val]
CMD: SET [b_1467] [val]
CMD: SET [b_1468] [val]
CMD: SET [b_1469] [val]
CMD: SET [b_1470] [val]
CMD: SET [b_1471] [val]
CMD: SET [b_1472] [val]
CMD: SET [b_1473] [val]
CMD: SET [b_1474] [val]
CMD: SET [b_1475] [val]
CMD: SET [b_1476] [val]
CMD: SET [b_1477] [val]
CMD: SET [b_1478] [val]
CMD: SET [b_1479] [val]
CMD: SET [b_1480] [val]
CMD: SET [b_1481] [val]
CMD: SET [b_1482] [val]
CMD: SET [b_1483] [val]
CMD: SET [b_1484] [val]
CMD: SET [b_1485] [val]
CMD: SET [b_1486] [val]
CMD: SET [b_1487] [val]
CMD: SET [b_1488] [val]
CMD: SET [b_1489] [val]
CMD: SET [b_1490] [val]
CMD: SET [b_1491] [val]
CMD: SET [b_1492] [val]
CMD: SET [b_1493] [val]
CMD: SET [b_1494] [val]
CMD: SET [b_1495] [val]
CMD: SET [b_1496] [val]
CMD: SET [b_1497] [val]
CMD: SET [b_1498] [val]
CMD: SET [b_1499] [val]
CMD: SET [b_1500] [val]
CMD: SET [b_1501] [val]
CMD: SET [b_1502] [val]
CMD: SET [b_1503] [val]
CMD: SET [b_1504] [val]
CMD: SET [b_1505] [val]
CMD: SET [b_1506] [val]
CMD: SET [b_1507] [val]
CMD: SET [b_1508] [val]
CMD: SET [b_1509] [val]
CMD: SET [b_1510] [val]
CMD: SET [b_1511] [val]
CMD: SET [b_1512] [val]
CMD: SET [b_1513] [val]
CMD: SET [b_1514] [val]
CMD: SET [b_1515] [val]
CMD: SET [b_1516] [val]
CMD: SET [b_1517] [val]
CMD: SET [b_1518] [val]
CMD: SET [b_1519] [val]
CMD: SET [b_1520] [val]
CMD: SET [b_1521] [val]
CMD: SET [b_1522] [val]
CMD: SET [b_1523] [val]
CMD: SET [b_1524] [val]
CMD: SET [b_1525] [val]
CMD: SET [b_1526] [val]
CMD: SET [b_1527] [val]
CMD: SET [b_1528] [val]
CMD: SET [b_1529] [val]
CMD: SET [b_1530] [val]
CMD: SET [b_1531] [val]
CMD: SET [b_1532] [val]
CMD: SET [b_1533] [val]
CMD: SET [b_1534] [val]
CMD: SET [b_1535] [val]
CMD: SET [b_1536] [val]
CMD: SET [b_1537] [val]
CMD: SET [b_1538] [val]
CMD: SET [b_1539] [val]
CMD: SET [b_1540] [val]
CMD: SET [b_1541] [val]
CMD: SET [b_1542] [val]
CMD: SET [b_1543] [val]
CMD: SET [b_1544] [val]
CMD: SET [b_1545] [val]
CMD: SET [b_1546] [val]
CMD: SET [b_1547] [val]
CMD: SET [b_1548] [val]
CMD: SET [b_1549] [val]
CMD: SET [b_1550] [val]
CMD: SET [b_1551] [val]
CMD: SET [b_1552] [val]
CMD: SET [b_1553] [val]
CMD: SET [b_1554] [val]
CMD: SET [b_1555] [val]
CMD: SET [b_1556] [val]
CMD: SET [b_1557] [val]
CMD: SET [b_1558] [val]
CMD: SET [b_1559] [val]
CMD: SET [b_1560] [val]
CMD: SET [b_1561] [val]
CMD: SET [b_1562] [val]
CMD: SET [b_1563] [val]
CMD: SET [b_1564] [val]
CMD: SET [b_1565] [val]
CMD: SET [b_1566] [val]
CMD: SET [b_1567] [val]
CMD: SET [b_1568] [val]
CMD: SET [b_1569] [val]
CMD: SET [b_1570] [val]
CMD: SET [b_1571] [val]
CMD: SET [b_1572] [val]
CMD: SET [b_1573] [val]
CMD: SET [b_1574] [val]
CMD: SET [b_1575] [val]
CMD: SET [b_1576] [val]
CMD: SET [b_1577] [val]
CMD: SET [b_1578] [val]
CMD: SET [b_1579] [val]
CMD: SET [b_1580] [val]
CMD: SET [b_1581] [val]
CMD: SET [b_1582] [val]
CMD: SET [b_1583] [val]
CMD: SET [b_1584] [val]
CMD: SET [b_1585] [val]
CMD: SET [b_1586] [val]
CMD: SET [b_1587] [val]
CMD: SET [b_1588] [val]
CMD: SET [b_1589] [val]
CMD: SET [b_1590] [val]
CMD: SET [b_1591] [val]
CMD: SET [b_1592] [val]
CMD: SET [b_1593] [val]
CMD: SET [b_1594] [val]
CMD: SET [b_1595] [val]
CMD: SET [b_1596] [val]
CMD: SET [b_1597] [val]
CMD: SET [b_1598] [val]
CMD: SET [b_1599] [val]
CMD: SET [b_1600] [val]
CMD: SET [b_1601] [val]
CMD: SET [b_1602] [val]
CMD: SET [b_1603] [val]
CMD: SET [b_1604] [val]
CMD: SET [b_1605] [val]
CMD: SET [b_1606] [val]
CMD: SET [b_1607] [val]
CMD: SET [b_1608] [val]
CMD: SET [b_1609] [val]
CMD: SET [b_1610] [val]
CMD: SET [b_1611] [val]
CMD: SET [b_1612] [val]
CMD: SET [b_1613] [val]
CMD: SET [b_1614] [val]
CMD: SET [b_1615] [val]
CMD: SET [b_1616] [val]
CMD: SET [b_1617] [val]
CMD: SET [b_1618] [val]
CMD: SET [b_1619] [val]
CMD: SET [b_1620] [val]
CMD: SET [b_1621] [val]
CMD: SET [b_1622] [val]
CMD: SET [b_1623] [val]
CMD: SET [b_1624] [val]
CMD: SET [b_1625] [val]
CMD: SET [b_1626] [val]
CMD: SET [b_1627] [val]
CMD: SET [b_1628] [val]
CMD: SET [b_1629] [val]
CMD: SET [b_1630] [val]
CMD: SET [b_1631] [val]
CMD: SET [b_1632] [val]
CMD: SET [b_1633] [val]
CMD: SET [b_1634] [val]
CMD: SET [b_1635] [val]
CMD: SET [b_1636] [val]
CMD: SET [b_1637] [val]
CMD: SET [b_1638] [val]
CMD: SET [b_1639] [val]
CMD: SET [b_1640] [val]
CMD: SET [b_1641] [val]
CMD: SET [b_1642] [val]
CMD: SET [b_1643] [val]
CMD: SET [b_1644] [val]
CMD: SET [b_1645] [val]
CMD: SET [b_1646] [val]
CMD: SET [b_1647] [val]
CMD: SET [b_1648] [val]
CMD: SET [b_1649] [val]
CMD: SET [b_1650] [val]
CMD: SET [b_1651] [val]
CMD: SET [b_1652] [val]
CMD: SET [b_1653] [val]
CMD: SET [b_1654] [val]
CMD: SET [b_1655] [val]
CMD: SET [b_1656] [val]
CMD: SET [b_1657] [val]
CMD: SET [b_1658] [val]
CMD: SET [b_1659] [val]
CMD: SET [b_1660] [val]
CMD: SET [b_1661] [val]
CMD: SET [b_1662] [val]
CMD: SET [b_1663] [val]
CMD: SET [b_1664] [val]
CMD: SET [b_1665] [val]
CMD: SET [b_1666] [val]
CMD: SET [b_1667] [val]
CMD: SET [b_1668] [val]
CMD: SET [b_1669] [val]
CMD: SET [b_1670] [val]
CMD: SET [b_1671] [val]
CMD: SET [b_1672] [val]
CMD: SET [b_1673] [val]
CMD: SET [b_1674] [val]
CMD: SET [b_1675] [val]
CMD: SET [b_1676] [val]
CMD: SET [b_1677] [val]
CMD: SET [b_1678] [val]
CMD: SET [b_1679] [val]
CMD: SET [b_1680] [val]
CMD: SET [b_1681] [val]
CMD: SET [b_1682] [val]
CMD: SET [b_1683] [val]
CMD: SET [b_1684] [val]
CMD: SET [b_1685] [val]
CMD: SET [b_1686] [val]
CMD: SET [b_1687] [val]
CMD: SET [b_1688] [val]
CMD: SET [b_1689] [val]
CMD: SET [b_1690] [val]
CMD: SET [b_1691] [val]
CMD: SET [b_1692] [val]
CMD: SET [b_1693] [val]
CMD: SET [b_1694] [val]
CMD: SET [b_1695] [val]
CMD: SET [b_1696] [val]
CMD: SET [b_1697] [val]
CMD: SET [b_1698] [val]
CMD: SET [b_1699] [val]
CMD: SET [b_1700] [val]
CMD: SET [b_1701] [val]
CMD: SET [b_1702] [val]
CMD: SET [b_1703] [val]
CMD: SET [b_1704] [val]
CMD: SET [b_1705] [val]
CMD: SET [b_1706] [val]
CMD: SET [b_1707] [val]
CMD: SET [b_1708] [val]
CMD: SET [b_1709] [val]
CMD: SET [b_1710] [val]
CMD: SET [b_1711] [val]
CMD: SET [b_1712] [val]
CMD: SET [b_1713] [val]
CMD: SET [b_1714] [val]
CMD: SET [b_1715] [val]
CMD: SET [b_1716] [val]
CMD: SET [b_1717] [val]
CMD: SET [b_1718] [val]
CMD: SET [b_1719] [val]
CMD: SET [b_1720] [val]
CMD: SET [b_1721] [val]
CMD: SET [b_1722] [val]
CMD: SET [b_1723] [val]
CMD: SET [b_1724] [val]
CMD: SET [b_1725] [val]
CMD: SET [b_1726] [val]
CMD: SET [b_1727] [val]
CMD: SET [b_1728] [val]
CMD: SET [b_1729] [val]
CMD: SET [b_1730] [val]
CMD: SET [b_1731] [val]
CMD: SET [b_1732] [val]
CMD: SET [b_1733] [val]
CMD: SET [b_1734] [val]
CMD: SET [b_1735] [val]
CMD: SET [b_1736] [val]
CMD: SET [b_1737] [val]
CMD: SET [b_1738] [val]
CMD: SET [b_1739] [val]
CMD: SET [b_1740] [val]
CMD: SET [b_1741] [val]
CMD: SET [b_1742] [val]
CMD: SET [b_1743] [val]
CMD: SET [b_1744] [val]
CMD: SET [b_1745] [val]
CMD: SET [b_1746] [val]
CMD: SET [b_1747] [val]
CMD: SET [b_1748] [val]
CMD: SET [b_1749] [val]
CMD: SET [b_1750] [val]
CMD: SET [b_1751] [val]
CMD: SET [b_1752] [val]
CMD: SET [b_1753] [val]
CMD: SET [b_1754] [val]
CMD: SET [b_1755] [val]
CMD: SET [b_1756] [val]
CMD: SET [b_1757] [val]
CMD: SET [b_1758] [val]
CMD: SET [b_1759] [val]
CMD: SET [b_1760] [val]
CMD: SET [b_1761] [val]
CMD: SET [b_1762] [val]
CMD: SET [b_1763] [val]
CMD: SET [b_1764] [val]
CMD: SET [b_1765] [val]
CMD: SET [b_1766] [val]
CMD: SET [b_1767] [val]
CMD: SET [b_1768] [val]
CMD: SET [b_1769] [val]
CMD: SET [b_1770] [val]
CMD: SET [b_1771] [val]
CMD: SET [b_1772] [val]
CMD: SET [b_1773] [val]
CMD: SET [b_1774] [val]
CMD: SET [b_1775] [val]
CMD: SET [b_1776] [val]
CMD: SET [b_1777] [val]
CMD: SET [b_1778] [val]
CMD: SET [b_1779] [val]
CMD: SET [b_1780] [val]
CMD: SET [b_1781] [val]
CMD: SET [b_1782] [val]
CMD: SET [b_1783] [val]
CMD: SET [b_1784] [val]
CMD: SET [b_1785] [val]
CMD: SET [b_1786] [val]
CMD: SET [b_1787] [val]
CMD: SET [b_1788] [val]
CMD: SET [b_1789] [val]
CMD: SET [b_1790] [val]
CMD: SET [b_1791] [val]
CMD: SET [b_1792] [val]
CMD: SET [b_1793] [val]
CMD: SET [b_1794] [val]
CMD: SET [b_1795] [val]
CMD: SET [b_1796] [val]
CMD: SET [b_1797] [val]
CMD: SET [b_1798] [val]
CMD: SET [b_1799] [val]
CMD: SET [b_1800] [val]
CMD: SET [b_1801] [val]
CMD: SET [b_1802] [val]
CMD: SET [b_1803] [val]
CMD: SET [b_1804] [val]
CMD: SET [b_1805] [val]
CMD: SET [b_1806] [val]
CMD: SET [b_1807] [val]
CMD: SET [b_1808] [val]
CMD: SET [b_1809] [val]
CMD: SET [b_1810] [val]
CMD: SET [b_1811] [val]
CMD: SET [b_1812] [val]
CMD: SET [b_1813] [val]
CMD: SET [b_1814] [val]
CMD: SET [b_1815] [val]
CMD: SET [b_1816] [val]
CMD: SET [b_1817] [val]
CMD: SET [b_1818] [val]
CMD: SET [b_1819] [val]
CMD: SET [b_1820] [val]
CMD: SET [b_1821] [val]
CMD: SET [b_1822] [val]
CMD: SET [b_1823] [val]
CMD: SET [b_1824] [val]
CMD: SET [b_1825] [val]
CMD: SET [b_1826] [val]
CMD: SET [b_1827] [val]
CMD: SET [b_1828] [val]
CMD: SET [b_1829] [val]
CMD: SET [b_1830] [val]
CMD: SET [b_1831] [val]
CMD: SET [b_1832] [val]
CMD: SET [b_1833] [val]
CMD: SET [b_1834] [val]
CMD: SET [b_1835] [val]
CMD: SET [b_1836] [val]
CMD: SET [b_1837] [val]
CMD: SET [b_1838] [val]
CMD: SET [b_1839] [val]
CMD: SET [b_1840] [val]
CMD: SET [b_1841] [val]
CMD: SET [b_1842] [val]
CMD: SET [b_1843] [val]
CMD: SET [b_1844] [val]
CMD: SET [b_1845] [val]
CMD: SET [b_1846] [val]
CMD: SET [b_1847] [val]
CMD: SET [b_1848] [val]
CMD: SET [b_1849] [val]
CMD: SET [b_1850] [val]
CMD: SET [b_1851] [val]
CMD: SET [b_1852] [val]
CMD: SET [b_1853] [val]
CMD: SET [b_1854] [val]
CMD: SET [b_1855] [val]
CMD: SET [b_1856] [val]
CMD: SET [b_1857] [val]
CMD: SET [b_1858] [val]
CMD: SET [b_1859] [val]
CMD: SET [b_1860] [val]
CMD: SET [b_1861] [val]
CMD: SET [b_1862] [val]
CMD: SET [b_1863] [val]
CMD: SET [b_1864] [val]
CMD: SET [b_1865] [val]
CMD: SET [b_1866] [val]
CMD: SET [b_1867] [val]
CMD: SET [b_1868] [val]
CMD: SET [b_1869] [val]
CMD: SET [b_1870] [val]
CMD: SET [b_1871] [val]
CMD: SET [b_1872] [val]
CMD: SET [b_1873] [val]
CMD: SET [b_1874] [val]
CMD: SET [b_1875] [val]
CMD: SET [b_1876] [val]
CMD: SET [b_1877] [val]
CMD: SET [b_1878] [val]
CMD: SET [b_1879] [val]
CMD: SET [b_1880] [val]
CMD: SET [b_1881] [val]
CMD: SET [b_1882] [val]
CMD: SET [b_1883] [val]
CMD: SET [b_1884] [val]
CMD: SET [b_1885] [val]
CMD: SET [b_1886] [val]
CMD: SET [b_1887] [val]
CMD: SET [b_1888] [val]
CMD: SET [b_1889] [val]
CMD: SET [b_1890] [val]
CMD: SET [b_1891] [val]
CMD: SET [b_1892] [val]
CMD: SET [b_1893] [val]
CMD: SET [b_1894] [val]
CMD: SET [b_1895] [val]
CMD: SET [b_1896] [val]
CMD: SET [b_1897] [val]
CMD: SET [b_1898] [val]
CMD: SET [b_1899] [val]
CMD: SET [b_1900] [val]
CMD: SET [b_1901] [val]
CMD: SET [b_1902] [val]
CMD: SET [b_1903] [val]
CMD: SET [b_1904] [val]
CMD: SET [b_1905] [val]
CMD: SET [b_1906] [val]
CMD: SET [b_1907] [val]
CMD: SET [b_1908] [val]
CMD: SET [b_1909] [val]
CMD: SET [b_1910] [val]
CMD: SET [b_1911] [val]
CMD: SET [b_1912] [val]
CMD: SET [b_1913] [val]
CMD: SET [b_1914] [val]
CMD: SET [b_1915] [val]
CMD: SET [b_1916] [val]
CMD: SET [b_1917] [val]
CMD: SET [b_1918] [val]
CMD: SET [b_1919] [val]
CMD: SET [b_1920] [val]
CMD: SET [b_1921] [val]
CMD: SET [b_1922] [val]
CMD: SET [b_1923] [val]
CMD: SET [b_1924] [val]
CMD: SET [b_1925] [val]
CMD: SET [b_1926] [val]
CMD: SET [b_1927] [val]
CMD: SET [b_1928] [val]
CMD: SET [b_1929] [val]
CMD: SET [b_1930] [val]
CMD: SET [b_1931] [val]
CMD: SET [b_1932] [val]
CMD: SET [b_1933] [val]
CMD: SET [b_1934] [val]
CMD: SET [b_1935] [val]
CMD: SET [b_1936] [val]
CMD: SET [b_1937] [val]
CMD: SET [b_1938] [val]
CMD: SET [b_1939] [val]
CMD: SET [b_1940] [val]
CMD: SET [b_1941] [val]
CMD: SET [b_1942] [val]
CMD: SET [b_1943] [val]
CMD: SET [b_1944] [val]
CMD: SET [b_1945] [val]
CMD: SET [b_1946] [val]
CMD: SET [b_1947] [val]
CMD: SET [b_1948] [val]
CMD: SET [b_1949] [val]
CMD: SET [b_1950] [val]
CMD: SET [b_1951] [val]
CMD: SET [b_1952] [val]
CMD: SET [b_1953] [val]
CMD: SET [b_1954] [val]
CMD: SET [b_1955] [val]
CMD: SET [b_1956] [val]
CMD: SET [b_1957] [val]
CMD: SET [b_1958] [val]
CMD: SET [b_1959] [val]
CMD: SET [b_1960] [val]
CMD: SET [b_1961] [val]
CMD: SET [b_1962] [val]
CMD: SET [b_1963] [val]
CMD: SET [b_1964] [val]
CMD: SET [b_1965] [val]
CMD: SET [b_1966] [val]
CMD: SET [b_1967] [val]
CMD: SET [b_1968] [val]
CMD: SET [b_1969] [val]
CMD: SET [b_1970] [val]
CMD: SET [b_1971] [val]
CMD: SET [b_1972] [val]
CMD: SET [b_1973] [val]
CMD: SET [b_1974] [val]
CMD: SET [b_1975] [val]
CMD: SET [b_1976] [val]
CMD: SET [b_1977] [val]
CMD: SET [b_1978] [val]
CMD: SET [b_1979] [val]
CMD: SET [b_1980] [val]
CMD: SET [b_1981] [val]
CMD: SET [b_1982] [val]
CMD: SET [b_1983] [val]
CMD: SET [b_1984] [val]
CMD: SET [b_1985] [val]
CMD: SET [b_1986] [val]
CMD: SET [b_1987] [val]
CMD: SET [b_1988] [val]
CMD: SET [b_1989] [val]
CMD: SET [b_1990] [val]
CMD: SET [b_1991] [val]
CMD: SET [b_1992] [val]
CMD: SET [b_1993] [val]
CMD: SET [b_1994] [val]
CMD: SET [b_1995] [val]
CMD: SET [b_1996] [val]
CMD: SET [b_1997] [val]
CMD: SET [b_1998] [val]
CMD: SET [b_1999] [val]
CMD: SET [b_2000] [val]
CMD: SET [b_2001] [val]
CMD: SET [b_2002] [val]
CMD: SET [b_2003] [val]
CMD: SET [b_2004] [val]
CMD: SET [b_2005] [val]
CMD: SET [b_2006] [val]
CMD: SET [b_2007] [val]
CMD: SET [b_2008] [val]
CMD: SET [b_2009] [val]
CMD: SET [b_2010] [val]
CMD: SET [b_2011] [val]
CMD: SET [b_2012] [val]
CMD: SET [b_2013] [val]
CMD: SET [b_2014] [val]
CMD: SET [b_2015] [val]
CMD: SET [b_2016] [val]
CMD: SET [b_2017] [val]
CMD: SET [b_2018] [val]
CMD: SET [b_2019] [val]
CMD: SET [b_2020] [val]
CMD: SET [b_2021] [val]
CMD: SET [b_2022] [val]
CMD: SET [b_2023] [val]
CMD: SET [b_2024] [val]
CMD: SET [b_2025] [val]
CMD: SET [b_2026] [val]
CMD: SET [b_2027] [val]
CMD: SET [b_2028] [val]
CMD: SET [b_2029] [val]
CMD: SET [b_2030] [val]
CMD: SET [b_2031] [val]
CMD: SET [b_2032] [val]
CMD: SET [b_2033] [val]
CMD: SET [b_2034] [val]
CMD: SET [b_2035] [val]
CMD: SET [b_2036] [val]
CMD: SET [b_2037] [val]
CMD: SET [b_2038] [val]
CMD: SET [b_2039] [val]
CMD: SET [b_2040] [val]
CMD: SET [b_2041] [val]
CMD: SET [b_2042] [val]
CMD: SET [b_2043] [val]
CMD: SET [b_2044] [val]
CMD: SET [b_2045] [val]
CMD: SET [b_2046] [val]
CMD: SET [b_2047] [val]
CMD: SET [b_2048] [val]
CMD: SET [b_2049] [val]
CMD: SET [b_2050] [val]
CMD: SET [b_2051] [val]
CMD: SET [b_2052] [val]
CMD: SET [b_2053] [val]
CMD: SET [b_2054] [val]
CMD: SET [b_2055] [val]
CMD: SET [b_2056] [val]
CMD: SET [b_2057] [val]
CMD: SET [b_2058] [val]
CMD: SET [b_2059] [val]
CMD: SET [b_2060] [val]
CMD: SET [b_2061] [val]
CMD: SET [b_2062] [val]
CMD: SET [b_2063] [val]
CMD: SET [b_2064] [val]
CMD: SET [b_2065] [val]
CMD: SET [b_2066] [val]
CMD: SET [b_2067] [val]
CMD: SET [b_2068] [val]
CMD: SET [b_2069] [val]
CMD: SET [b_2070] [val]
CMD: SET [b_2071] [val]
CMD: SET [b_2072] [val]
CMD: SET [b_2073] [val]
CMD: SET [b_2074] [val]
CMD: SET [b_2075] [val]
CMD: SET [b_2076] [val]
CMD: SET [b_2077] [val]
CMD: SET [b_2078] [val]
CMD: SET [b_2079] [val]
CMD: SET [b_2080] [val]
CMD: SET [b_2081] [val]
CMD: SET [b_2082] [val]
CMD: SET [b_2083] [val]
CMD: SET [b_2084] [val]
CMD: SET [b_2085] [val]
CMD: SET [b_2086] [val]
CMD: SET [b_2087] [val]
CMD: SET [b_2088] [val]
CMD: SET [b_2089] [val]
CMD: SET [b_2090] [val]
CMD: SET [b_2091] [val]
CMD: SET [b_2092] [val]
CMD: SET [b_2093] [val]
CMD: SET [b_2094] [val]
CMD: SET [b_2095] [val]
CMD: SET [b_2096] [val]
CMD: SET [b_2097] [val]
CMD: SET [b_2098] [val]
CMD: SET [b_2099] [val]
CMD: SET [b_2100] [val]
CMD: SET [b_2101] [val]
CMD: SET [b_2102] [val]
CMD: SET [b_2103] [val]
CMD: SET [b_2104] [val]
CMD: SET [b_2105] [val]
CMD: SET [b_2106] [val]
CMD: SET [b_2107] [val]
CMD: SET [b_2108] [val]
CMD: SET [b_2109] [val]
CMD: SET [b_2110] [val]
CMD: SET [b_2111] [val]
CMD: SET [b_2112] [val]
CMD: SET [b_2113] [val]
CMD: SET [b_2114] [val]
CMD: SET [b_2115] [val]
CMD: SET [b_2116] [val]
CMD: SET [b_2117] [val]
CMD: SET [b_2118] [val]
CMD: SET [b_2119] [val]
CMD: SET [b_2120] [val]
CMD: SET [b_2121] [val]
CMD: SET [b_2122] [val]
CMD: SET [b_2123] [val]
CMD: SET [b_2124] [val]
CMD: SET [b_2125] [val]
CMD: SET [b_2126] [val]
CMD: SET [b_2127] [val]
CMD: SET [b_2128] [val]
CMD: SET [b_2129] [val]
CMD: SET [b_2130] [val]
CMD: SET [b_2131] [val]
CMD: SET [b_2132] [val]
CMD: SET [b_2133] [val]
CMD: SET [b_2134] [val]
CMD: SET [b_2135] [val]
CMD: SET [b_2136] [val]
CMD: SET [b_2137] [val]
CMD: SET [b_2138] [val]
CMD: SET [b_2139] [val]
CMD: SET [b_2140] [val]
CMD: SET [b_2141] [val]
CMD: SET [b_2142] [val]
CMD: SET [b_2143] [val]
CMD: SET [b_2144] [val]
CMD: SET [b_2145] [val]
CMD: SET [b_2146] [val]
CMD: SET [b_2147] [val]
CMD: SET [b_2148] [val]
CMD: SET [b_2149] [val]
CMD: SET [b_2150] [val]
CMD: SET [b_2151] [val]
CMD: SET [b_2152] [val]
CMD: SET [b_2153] [val]
CMD: SET [b_2154] [val]
CMD: SET [b_2155] [val]
CMD: SET [b_2156] [val]
CMD: SET [b_2157] [val]
CMD: SET [b_2158] [val]
CMD: SET [b_2159] [val]
CMD: SET [b_2160] [val]
CMD: SET [b_2161] [val]
CMD: SET [b_2162] [val]
CMD: SET [b_2163] [val]
CMD: SET [b_2164] [val]
CMD: SET [b_2165] [val]
CMD: SET [b_2166] [val]
CMD: SET [b_2167] [val]
CMD: SET [b_2168] [val]
CMD: SET [b_2169] [val]
CMD: SET [b_2170] [val]
CMD: SET [b_2171] [val]
CMD: SET [b_2172] [val]
CMD: SET [b_2173] [val]
CMD: SET [b_2174] [val]
CMD: SET [b_2175] [val]
CMD: SET [b_2176] [val]
CMD: SET [b_2177] [val]
CMD: SET [b_2178] [val]
CMD: SET [b_2179] [val]
CMD: SET [b_2180] [val]
CMD: SET [b_2181] [val]
CMD: SET [b_2182] [val]
CMD: SET [b_2183] [val]
CMD: SET [b_2184] [val]
CMD: SET [b_2185] [val]
CMD: SET [b_2186] [val]
CMD: SET [b_2187] [val]
CMD: SET [b_2188] [val]
CMD: SET [b_2189] [val]
CMD: SET [b_2190] [val]
CMD: SET [b_2191] [val]
CMD: SET [b_2192] [val]
CMD: SET [b_2193] [val]
CMD: SET [b_2194] [val]
CMD: SET [b_2195] [val]
CMD: SET [b_2196] [val]
CMD: SET [b_2197] [val]
CMD: SET [b_2198] [val]
CMD: SET [b_2199] [val]
CMD: SET [b_2200] [val]
CMD: SET [b_2201] [val]
CMD: SET [b_2202] [val]
CMD: SET [b_2203] [val]
CMD: SET [b_2204] [val]
CMD: SET [b_2205] [val]
CMD: SET [b_2206] [val]
CMD: SET [b_2207] [val]
CMD: SET [b_2208] [val]
CMD: SET [b_2209] [val]
CMD: SET [b_2210] [val]
CMD: SET [b_2211] [val]
CMD: SET [b_2212] [val]
CMD: SET [b_2213] [val]
CMD: SET [b_2214] [val]
CMD: SET [b_2215] [val]
CMD: SET [b_2216] [val]
CMD: SET [b_2217] [val]
CMD: SET [b_2218] [val]
CMD: SET [b_2219] [val]
CMD: SET [b_2220] [val]
CMD: SET [b_2221] [val]
CMD: SET [b_2222] [val]
CMD: SET [b_2223] [val]
CMD: SET [b_2224] [val]
CMD: SET [b_2225] [val]
CMD: SET [b_2226] [val]
CMD: SET [b_2227] [val]
CMD: SET [b_2228] [val]
CMD: SET [b_2229] [val]
CMD: SET [b_2230] [val]
CMD: SET [b_2231] [val]
CMD: SET [b_2232] [val]
CMD: SET [b_2233] [val]
CMD: SET [b_2234] [val]
CMD: SET [b_2235] [val]
CMD: SET [b_2236] [val]
CMD: SET [b_2237] [val]
CMD: SET [b_2238] [val]
CMD: SET [b_2239] [val]
CMD: SET [b_2240] [val]
CMD: SET [b_2241] [val]
CMD: SET [b_2242] [val]
CMD: SET [b_2243] [val]
CMD: SET [b_2244] [val]
CMD: SET [b_2245] [val]
CMD: SET [b_2246] [val]
CMD: SET [b_2247] [val]
CMD: SET [b_2248] [val]
CMD: SET [b_2249] [val]
CMD: SET [b_2250] [val]
CMD: SET [b_2251] [val]
CMD: SET [b_2252] [val]
CMD: SET [b_2253] [val]
CMD: SET [b_2254] [val]
CMD: SET [b_2255] [val]
CMD: SET [b_2256] [val]
CMD: SET [b_2257] [val]
CMD: SET [b_2258] [val]
CMD: SET [b_2259] [val]
CMD: SET [b_2260] [val]
CMD: SET [b_2261] [val]
CMD: SET [b_2262] [val]
CMD: SET [b_2263] [val]
CMD: SET [b_2264] [val]
CMD: SET [b_2265] [val]
CMD: SET [b_2266] [val]
CMD: SET [b_2267] [val]
CMD: SET [b_2268] [val]
CMD: SET [b_2269] [val]
CMD: SET [b_2270] [val]
CMD: SET [b_2271] [val]
CMD: SET [b_2272] [val]
CMD: SET [b_2273] [val]
CMD: SET [b_2274] [val]
CMD: SET [b_2275] [val]
CMD: SET [b_2276] [val]
CMD: SET [b_2277] [val]
CMD: SET [b_2278] [val]
CMD: SET [b_2279] [val]
CMD: SET [b_2280] [val]
CMD: SET [b_2281] [val]
CMD: SET [b_2282] [val]
CMD: SET [b_2283] [val]
CMD: SET [b_2284] [val]
CMD: SET [b_2285] [val]
CMD: SET [b_2286] [val]
CMD: SET [b_2287] [val]
CMD: SET [b_2288] [val]
CMD: SET [b_2289] [val]
CMD: SET [b_2290] [val]
CMD: SET [b_2291] [val]
CMD: SET [b_2292] [val]
CMD: SET [b_2293] [val]
CMD: SET [b_2294] [val]
CMD: SET [b_2295] [val]
CMD: SET [b_2296] [val]
CMD: SET [b_2297] [val]
CMD: SET [b_2298] [val]
CMD: SET [b_2299] [val]
CMD: SET [b_2300] [val]
CMD: SET [b_2301] [val]
CMD: SET [b_2302] [val]
CMD: SET [b_2303] [val]
CMD: SET [b_2304] [val]
CMD: SET [b_2305] [val]
CMD: SET [b_2306] [val]
CMD: SET [b_2307] [val]
CMD: SET [b_2308] [val]
CMD: SET [b_2309] [val]
CMD: SET [b_2310] [val]
CMD: SET [b_2311] [val]
CMD: SET [b_2312] [val]
CMD: SET [b_2313] [val]
CMD: SET [b_2314] [val]
CMD: SET [b_2315] [val]
CMD: SET [b_2316] [val]
CMD: SET [b_2317] [val]
CMD: SET [b_2318] [val]
CMD: SET [b_2319] [val]
CMD: SET [b_2320] [val]
CMD: SET [b_2321] [val]
CMD: SET [b_2322] [val]
CMD: SET [b_2323] [val]
CMD: SET [b_2324] [val]
CMD: SET [b_2325] [val]
CMD: SET [b_2326] [val]
CMD: SET [b_2327] [val]
CMD: SET [b_2328] [val]
CMD: SET [b_2329] [val]
CMD: SET [b_2330] [val]
CMD: SET [b_2331] [val]
CMD: SET [b_2332] [val]
CMD: SET [b_2333] [val]
CMD: SET [b_2334] [val]
CMD: SET [b_2335] [val]
CMD: SET [b_2336] [val]
CMD: SET [b_2337] [val]
CMD: SET [b_2338] [val]
CMD: SET [b_2339] [val]
CMD: SET [b_2340] [val]
CMD: SET [b_2341] [val]
CMD: SET [b_2342] [val]
CMD: SET [b_2343] [val]
CMD: SET [b_2344] [val]
CMD: SET [b_2345] [val]
CMD: SET [b_2346] [val]
CMD: SET [b_2347] [val]
CMD: SET [b_2348] [val]
CMD: SET [b_2349] [val]
CMD: SET [b_2350] [val]
CMD: SET [b_2351] [val]
CMD: SET [b_2352] [val]
CMD: SET [b_2353] [val]
CMD: SET [b_2354] [val]
CMD: SET [b_2355] [val]
CMD: SET [b_2356] [val]
CMD: SET [b_2357] [val]
CMD: SET [b_2358] [val]
CMD: SET [b_2359] [val]
CMD: SET [b_2360] [val]
CMD: SET [b_2361] [val]
CMD: SET [b_2362] [val]
CMD: SET [b_2363] [val]
CMD: SET [b_2364] [val]
CMD: SET [b_2365] [val]
CMD: SET [b_2366] [val]
CMD: SET [b_2367] [val]
CMD: SET [b_2368] [val]
CMD: SET [b_2369] [val]
CMD: SET [b_2370] [val]
CMD: SET [b_2371] [val]
CMD: SET [b_2372] [val]
CMD: SET [b_2373] [val]
CMD: SET [b_2374] [val]
CMD: SET [b_2375] [val]
CMD: SET [b_2376] [val]
CMD: SET [b_2377] [val]
CMD: SET [b_2378] [val]
CMD: SET [b_2379] [val]
CMD: SET [b_2380] [val]
CMD: SET [b_2381] [val]
CMD: SET [b_2382] [val]
CMD: SET [b_2383] [val]
CMD: SET [b_2384] [val]
CMD: SET [b_2385] [val]
CMD: SET [b_2386] [val]
CMD: SET [b_2387] [val]
CMD: SET [b_2388] [val]
CMD: SET [b_2389] [val]
CMD: SET [b_2390] [val]
CMD: SET [b_2391] [val]
CMD: SET [b_2392] [val]
CMD: SET [b_2393] [val]
CMD: SET [b_2394] [val]
CMD: SET [b_2395] [val]
CMD: SET [b_2396] [val]
CMD: SET [b_2397] [val]
CMD: SET [b_2398] [val]
CMD: SET [b_2399] [val]
CMD: SET [b_2400] [val]
CMD: SET [b_2401] [val]
CMD: SET [b_2402] [val]
CMD: SET [b_2403] [val]
CMD: SET [b_2404] [val]
CMD: SET [b_2405] [val]
CMD: SET [b_2406] [val]
CMD: SET [b_2407] [val]
CMD: SET [b_2408] [val]
CMD: SET [b_2409] [val]
CMD: SET [b_2410] [val]
CMD: SET [b_2411] [val]
CMD: SET [b_2412] [val]
CMD: SET [b_2413] [val]
CMD: SET [b_2414] [val]
CMD: SET [b_2415] [val]
CMD: SET [b_2416] [val]
CMD: SET [b_2417] [val]
CMD: SET [b_2418] [val]
CMD: SET [b_2419] [val]
CMD: SET [b_2420] [val]
CMD: SET [b_2421] [val]
CMD: SET [b_2422] [val]
CMD: SET [b_2423] [val]
CMD: SET [b_2424] [val]
CMD: SET [b_2425] [val]
CMD: SET [b_2426] [val]
CMD: SET [b_2427] [val]
CMD: SET [b_2428] [val]
CMD: SET [b_2429] [val]
CMD: SET [b_2430] [val]
CMD: SET [b_2431] [val]
CMD: SET [b_2432] [val]
CMD: SET [b_2433] [val]
CMD: SET [b_2434] [val]
CMD: SET [b_2435] [val]
CMD: SET [b_2436] [val]
CMD: SET [b_2437] [val]
CMD: SET [b_2438] [val]
CMD: SET [b_2439] [val]
CMD: SET [b_2440] [val]
CMD: SET [b_2441] [val]
CMD: SET [b_2442] [val]
CMD: SET [b_2443] [val]
CMD: SET [b_2444] [val]
CMD: SET [b_2445] [val]
CMD: SET [b_2446] [val]
CMD: SET [b_2447] [val]
CMD: SET [b_2448] [val]
CMD: SET [b_2449] [val]
CMD: SET [b_2450] [val]
CMD: SET [b_2451] [val]
CMD: SET [b_2452] [val]
CMD: SET [b_2453] [val]
CMD: SET [b_2454] [val]
CMD: SET [b_2455] [val]
CMD: SET [b_2456] [val]
CMD: SET [b_2457] [val]
CMD: SET [b_2458] [val]
CMD: SET [b_2459] [val]
CMD: SET [b_2460] [val]
CMD: SET [b_2461] [val]
CMD: SET [b_2462] [val]
CMD: SET [b_2463] [val]
CMD: SET [b_2464] [val]
CMD: SET [b_2465] [val]
CMD: SET [b_2466] [val]
CMD: SET [b_2467] [val]
CMD: SET [b_2468] [val]
CMD: SET [b_2469] [val]
CMD: SET [b_2470] [val]
CMD: SET [b_2471] [val]
CMD: SET [b_2472] [val]
CMD: SET [b_2473] [val]
CMD: SET [b_2474] [val]
CMD: SET [b_2475] [val]
CMD: SET [b_2476] [val]
CMD: SET [b_2477] [val]
CMD: SET [b_2478] [val]
CMD: SET [b_2479] [val]
CMD: SET [b_2480] [val]
CMD: SET [b_2481] [val]
CMD: SET [b_2482] [val]
CMD: SET [b_2483] [val]
CMD: SET [b_2484] [val]
CMD: SET [b_2485] [val]
CMD: SET [b_2486] [val]
CMD: SET [b_2487] [val]
CMD: SET [b_2488] [val]
CMD: SET [b_2489] [val]
CMD: SET [b_2490] [val]
CMD: SET [b_2491] [val]
CMD: SET [b_2492] [val]
CMD: SET [b_2493] [val]
CMD: SET [b_2494] [val]
CMD: SET [b_2495] [val]
CMD: SET [b_2496] [val]
CMD: SET [b_2497] [val]
CMD: SET [b_2498] [val]
CMD: SET [b_2499] [val]
CMD: SET [b_2500] [val]
CMD: SET [b_2501] [val]
CMD: SET [b_2502] [val]
CMD: SET [b_2503] [val]
CMD: SET [b_2504] [val]
CMD: SET [b_2505] [val]
CMD: SET [b_2506] [val]
CMD: SET [b_2507] [val]
CMD: SET [b_2508] [val]
CMD: SET [b_2509] [val]
CMD: SET [b_2510] [val]
CMD: SET [b_2511] [val]
CMD: SET [b_2512] [val]
CMD: SET [b_2513] [val]
CMD: SET [b_2514] [val]
CMD: SET [b_2515] [val]
CMD: SET [b_2516] [val]
CMD: SET [b_2517] [val]
CMD: SET [b_2518] [val]
CMD: SET [b_2519] [val]
CMD: SET [b_2520] [val]
CMD: SET [b_2521] [val]
CMD: SET [b_2522] [val]
CMD: SET [b_2523] [val]
CMD: SET [b_2524] [val]
CMD: SET [b_2525] [val]
CMD: SET [b_2526] [val]
CMD: SET [b_2527] [val]
CMD: SET [b_2528] [val]
CMD: SET [b_2529] [val]
CMD: SET [b_2530] [val]
CMD: SET [b_2531] [val]
CMD: SET [b_2532] [val]
CMD: SET [b_2533] [val]
CMD: SET [b_2534] [val]
CMD: SET [b_2535] [val]
CMD: SET [b_2536] [val]
CMD: SET [b_2537] [val]
CMD: SET [b_2538] [val]
CMD: SET [b_2539] [val]
CMD: SET [b_2540] [val]
CMD: SET [b_2541] [val]
CMD: SET [b_2542] [val]
CMD: SET [b_2543] [val]
CMD: SET [b_2544] [val]
CMD: SET [b_2545] [val]
CMD: SET [b_2546] [val]
CMD: SET [b_2547] [val]
CMD: SET [b_2548] [val]
CMD: SET [b_2549] [val]
CMD: SET [b_2550] [val]
CMD: SET [b_2551] [val]
CMD: SET [b_2552] [val]
CMD: SET [b_2553] [val]
CMD: SET [b_2554] [val]
CMD: SET [b_2555] [val]
CMD: SET [b_2556] [val]
CMD: SET [b_2557] [val]
CMD: SET [b_2558] [val]
CMD: SET [b_2559] [val]
CMD: SET [b_2560] [val]
CMD: SET [b_2561] [val]
CMD: SET [b_2562] [val]
CMD: SET [b_2563] [val]
CMD: SET [b_2564] [val]
CMD: SET [b_2565] [val]
CMD: SET [b_2566] [val]
CMD: SET [b_2567] [val]
CMD: SET [b_2568] [val]
CMD: SET [b_2569] [val]
CMD: SET [b_2570] [val]
CMD: SET [b_2571] [val]
CMD: SET [b_2572] [val]
CMD: SET [b_2573] [val]
CMD: SET [b_2574] [val]
CMD: SET [b_2575] [val]
CMD: SET [b_2576] [val]
CMD: SET [b_2577] [val]
CMD: SET [b_2578] [val]
CMD: SET [b_2579] [val]
CMD: SET [b_2580] [val]
CMD: SET [b_2581] [val]
CMD: SET [b_2582] [val]
CMD: SET [b_2583] [val]
CMD: SET [b_2584] [val]
CMD: SET [b_2585] [val]
CMD: SET [b_2586] [val]
CMD: SET [b_2587] [val]
CMD: SET [b_2588] [val]
CMD: SET [b_2589] [val]
CMD: SET [b_2590] [val]
CMD: SET [b_2591] [val]
CMD: SET [b_2592] [val]
CMD: SET [b_2593] [val]
CMD: SET [b_2594] [val]
CMD: SET [b_2595] [val]
CMD: SET [b_2596] [val]
CMD: SET [b_2597] [val]
CMD: SET [b_2598] [val]
CMD: SET [b_2599] [val]
CMD: SET [b_2600] [val]
CMD: SET [b_2601] [val]
CMD: SET [b_2602] [val]
CMD: SET [b_2603] [val]
CMD: SET [b_2604] [val]
CMD: SET [b_2605] [val]
CMD: SET [b_2606] [val]
CMD: SET [b_2607] [val]
CMD: SET [b_2608] [val]
CMD: SET [b_2609] [val]
CMD: SET [b_2610] [val]
CMD: SET [b_2611] [val]
CMD: SET [b_2612] [val]
CMD: SET [b_2613] [val]
CMD: SET [b_2614] [val]
CMD: SET [b_2615] [val]
CMD: SET [b_2616] [val]
CMD: SET [b_2617] [val]
CMD: SET [b_2618] [val]
CMD: SET [b_2619] [val]
CMD: SET [b_2620] [val]
CMD: SET [b_2621] [val]
CMD: SET [b_2622] [val]
CMD: SET [b_2623] [val]
CMD: SET [b_2624] [val]
CMD: SET [b_2625] [val]
CMD: SET [b_2626] [val]
CMD: SET [b_2627] [val]
CMD: SET [b_2628] [val]
CMD: SET [b_2629] [val]
CMD: SET [b_2630] [val]
CMD: SET [b_2631] [val]
CMD: SET [b_2632] [val]
CMD: SET [b_2633] [val]
CMD: SET [b_2634] [val]
CMD: SET [b_2635] [val]
CMD: SET [b_2636] [val]
CMD: SET [b_2637] [val]
CMD: SET [b_2638] [val]
CMD: SET [b_2639] [val]
CMD: SET [b_2640] [val]
CMD: SET [b_2641] [val]
CMD: SET [b_2642] [val]
CMD: SET [b_2643] [val]
CMD: SET [b_2644] [val]
CMD: SET [b_2645] [val]
CMD: SET [b_2646] [val]
CMD: SET [b_2647] [val]
CMD: SET [b_2648] [val]
CMD: SET [b_2649] [val]
CMD: SET [b_2650] [val]
CMD: SET [b_2651] [val]
CMD: SET [b_2652] [val]
CMD: SET [b_2653] [val]
CMD: SET [b_2654] [val]
CMD: SET [b_2655] [val]
CMD: SET [b_2656] [val]
CMD: SET [b_2657] [val]
CMD: SET [b_2658] [val]
CMD: SET [b_2659] [val]
CMD: SET [b_2660] [val]
CMD: SET [b_2661] [val]
CMD: SET [b_2662] [val]
CMD: SET [b_2663] [val]
CMD: SET [b_2664] [val]
CMD: SET [b_2665] [val]
CMD: SET [b_2666] [val]
CMD: SET [b_2667] [val]
CMD: SET [b_2668] [val]
CMD: SET [b_2669] [val]
CMD: SET [b_2670] [val]
CMD: SET [b_2671] [val]
CMD: SET [b_2672] [val]
CMD: SET [b_2673] [val]
CMD: SET [b_2674] [val]
CMD: SET [b_2675] [val]
CMD: SET [b_2676] [val]
CMD: SET [b_2677] [val]
CMD: SET [b_2678] [val]
CMD: SET [b_2679] [val]
CMD: SET [b_2680] [val]
CMD: SET [b_2681] [val]
CMD: SET [b_2682] [val]
CMD: SET [b_2683] [val]
CMD: SET [b_2684] [val]
CMD: SET [b_2685] [val]
CMD: SET [b_2686] [val]
CMD: SET [b_2687] [val]
CMD: SET [b_2688] [val]
CMD: SET [b_2689] [val]
CMD: SET [b_2690] [val]
CMD: SET [b_2691] [val]
CMD: SET [b_2692] [val]
CMD: SET [b_2693] [val]
CMD: SET [b_2694] [val]
CMD: SET [b_2695] [val]
CMD: SET [b_2696] [val]
CMD: SET [b_2697] [val]
CMD: SET [b_2698] [val]
CMD: SET [b_2699] [val]
CMD: SET [b_2700] [val]
CMD: SET [b_2701] [val]
CMD: SET [b_2702] [val]
CMD: SET [b_2703] [val]
CMD: SET [b_2704] [val]
CMD: SET [b_2705] [val]
CMD: SET [b_2706] [val]
CMD: SET [b_2707] [val]
CMD: SET [b_2708] [val]
CMD: SET [b_2709] [val]
CMD: SET [b_2710] [val]
CMD: SET [b_2711] [val]
CMD: SET [b_2712] [val]
CMD: SET [b_2713] [val]
CMD: SET [b_2714] [val]
CMD: SET [b_2715] [val]
CMD: SET [b_2716] [val]
CMD: SET [b_2717] [val]
CMD: SET [b_2718] [val]
CMD: SET [b_2719] [val]
CMD: SET [b_2720] [val]
CMD: SET [b_2721] [val]
CMD: SET [b_2722] [val]
CMD: SET [b_2723] [val]
CMD: SET [b_2724] [val]
CMD: SET [b_2725] [val]
CMD: SET [b_2726] [val]
CMD: SET [b_2727] [val]
CMD: SET [b_2728] [val]
CMD: SET [b_2729] [val]
CMD: SET [b_2730] [val]
CMD: SET [b_2731] [val]
CMD: SET [b_2732] [val]
CMD: SET [b_2733] [val]
CMD: SET [b_2734] [val]
CMD: SET [b_2735] [val]
CMD: SET [b_2736] [val]
CMD: SET [b_2737] [val]
CMD: SET [b_2738] [val]
CMD: SET [b_2739] [val]
CMD: SET [b_2740] [val]
CMD: SET [b_2741] [val]
CMD: SET [b_2742] [val]
CMD: SET [b_2743] [val]
CMD: SET [b_2744] [val]
CMD: SET [b_2745] [val]
CMD: SET [b_2746] [val]
CMD: SET [b_2747] [val]
CMD: SET [b_2748] [val]
CMD: SET [b_2749] [val]
CMD: SET [b_2750] [val]
CMD: SET [b_2751] [val]
CMD: SET [b_2752] [val]
CMD: SET [b_2753] [val]
CMD: SET [b_2754] [val]
CMD: SET [b_2755] [val]
CMD: SET [b_2756] [val]
CMD: SET [b_2757] [val]
CMD: SET [b_2758] [val]
CMD: SET [b_2759] [val]
CMD: SET [b_2760] [val]
CMD: SET [b_2761] [val]
CMD: SET [b_2762] [val]
CMD: SET [b_2763] [val]
CMD: SET [b_2764] [val]
CMD: SET [b_2765] [val]
CMD: SET [b_2766] [val]
CMD: SET [b_2767] [val]
CMD: SET [b_2768] [val]
CMD: SET [b_2769] [val]
CMD: SET [b_2770] [val]
CMD: SET [b_2771] [val]
CMD: SET [b_2772] [val]
CMD: SET [b_2773] [val]
CMD: SET [b_2774] [val]
CMD: SET [b_2775] [val]
CMD: SET [b_2776] [val]
CMD: SET [b_2777] [val]
CMD: SET [b_2778] [val]
CMD: SET [b_2779] [val]
CMD: SET [b_2780] [val]
CMD: SET [b_2781] [val]
CMD: SET [b_2782] [val]
CMD: SET [b_2783] [val]
CMD: SET [b_2784] [val]
CMD: SET [b_2785] [val]
CMD: SET [b_2786] [val]
CMD: SET [b_2787] [val]
CMD: SET [b_2788] [val]
CMD: SET [b_2789] [val]
CMD: SET [b_2790] [val]
CMD: SET [b_2791] [val]
CMD: SET [b_2792] [val]
CMD: SET [b_2793] [val]
CMD: SET [b_2794] [val]
CMD: SET [b_2795] [val]
CMD: SET [b_2796] [val]
CMD: SET [b_2797] [val]
CMD: SET [b_2798] [val]
CMD: SET [b_2799] [val]
CMD: SET [b_2800] [val]
CMD: SET [b_2801] [val]
CMD: SET [b_2802] [val]
CMD: SET [b_2803] [val]
CMD: SET [b_2804] [val]
CMD: SET [b_2805] [val]
CMD: SET [b_2806] [val]
CMD: SET [b_2807] [val]
CMD: SET [b_2808] [val]
CMD: SET [b_2809] [val]
CMD: SET [b_2810] [val]
CMD: SET [b_2811] [val]
CMD: SET [b_2812] [val]
CMD: SET [b_2813] [val]
CMD: SET [b_2814] [val]
CMD: SET [b_2815] [val]
CMD: SET [b_2816] [val]
CMD: SET [b_2817] [val]
CMD: SET [b_2818] [val]
CMD: SET [b_2819] [val]
CMD: SET [b_2820] [val]
CMD: SET [b_2821] [val]
CMD: SET [b_2822] [val]
CMD: SET [b_2823] [val]
CMD: SET [b_2824] [val]
CMD: SET [b_2825] [val]
CMD: SET [b_2826] [val]
CMD: SET [b_2827] [val]
CMD: SET [b_2828] [val]
CMD: SET [b_2829] [val]
CMD: SET [b_2830] [val]
CMD: SET [b_2831] [val]
CMD: SET [b_2832] [val]
CMD: SET [b_2833] [val]
CMD: SET [b_2834] [val]
CMD: SET [b_2835] [val]
CMD: SET [b_2836] [val]
CMD: SET [b_2837] [val]
CMD: SET [b_2838] [val]
CMD: SET [b_2839] [val]
CMD: SET [b_2840] [val]
CMD: SET [b_2841] [val]
CMD: SET [b_2842] [val]
CMD: SET [b_2843] [val]
CMD: SET [b_2844] [val]
CMD: SET [b_2845] [val]
CMD: SET [b_2846] [val]
CMD: SET [b_2847] [val]
CMD: SET [b_2848] [val]
CMD: SET [b_2849] [val]
CMD: SET [b_2850] [val]
CMD: SET [b_2851] [val]
CMD: SET [b_2852] [val]
CMD: SET [b_2853] [val]
CMD: SET [b_2854] [val]
CMD: SET [b_2855] [val]
CMD: SET [b_2856] [val]
CMD: SET [b_2857] [val]
CMD: SET [b_2858] [val]
CMD: SET [b_2859] [val]
CMD: SET [b_2860] [val]
CMD: SET [b_2861] [val]
CMD: SET [b_2862] [val]
CMD: SET [b_2863] [val]
CMD: SET [b_2864] [val]
CMD: SET [b_2865] [val]
CMD: SET [b_2866] [val]
CMD: SET [b_2867] [val]
CMD: SET [b_2868] [val]
CMD: SET [b_2869] [val]
CMD: SET [b_2870] [val]
CMD: SET [b_2871] [val]
CMD: SET [b_2872] [val]
CMD: SET [b_2873] [val]
CMD: SET [b_2874] [val]
CMD: SET [b_2875] [val]
CMD: SET [b_2876] [val]
CMD: SET [b_2877] [val]
CMD: SET [b_2878] [val]
CMD: SET [b_2879] [val]
CMD: SET [b_2880] [val]
CMD: SET [b_2881] [val]
CMD: SET [b_2882] [val]
CMD: SET [b_2883] [val]
CMD: SET [b_2884] [val]
CMD: SET [b_2885] [val]
CMD: SET [b_2886] [val]
CMD: SET [b_2887] [val]
CMD: SET [b_2888] [val]
CMD: SET [b_2889] [val]
CMD: SET [b_2890] [val]
CMD: SET [b_2891] [val]
CMD: SET [b_2892] [val]
CMD: SET [b_2893] [val]
CMD: SET [b_2894] [val]
CMD: SET [b_2895] [val]
CMD: SET [b_2896] [val]
CMD: SET [b_2897] [val]
CMD: SET [b_2898] [val]
CMD: SET [b_2899] [val]
CMD: SET [b_2900] [val]
CMD: SET [b_2901] [val]
CMD: SET [b_2902] [val]
CMD: SET [b_2903] [val]
CMD: SET [b_2904] [val]
CMD: SET [b_2905] [val]
CMD: SET [b_2906] [val]
CMD: SET [b_2907] [val]
CMD: SET [b_2908] [val]
CMD: SET [b_2909] [val]
CMD: SET [b_2910] [val]
CMD: SET [b_2911] [val]
CMD: SET [b_2912] [val]
CMD: SET [b_2913] [val]
CMD: SET [b_2914] [val]
CMD: SET [b_2915] [val]
CMD: SET [b_2916] [val]
CMD: SET [b_2917] [val]
CMD: SET [b_2918] [val]
CMD: SET [b_2919] [val]
CMD: SET [b_2920] [val]
CMD: SET [b_2921] [val]
CMD: SET [b_2922] [val]
CMD: SET [b_2923] [val]
CMD: SET [b_2924] [val]
CMD: SET [b_2925] [val]
CMD: SET [b_2926] [val]
CMD: SET [b_2927] [val]
CMD: SET [b_2928] [val]
CMD: SET [b_2929] [val]
CMD: SET [b_2930] [val]
CMD: SET [b_2931] [val]
CMD: SET [b_2932] [val]
CMD: SET [b_2933] [val]
CMD: SET [b_2934] [val]
CMD: SET [b_2935] [val]
CMD: SET [b_2936] [val]
CMD: SET [b_2937] [val]
CMD: SET [b_2938] [val]
CMD: SET [b_2939] [val]
CMD: SET [b_2940] [val]
CMD: SET [b_2941] [val]
CMD: SET [b_2942] [val]
CMD: SET [b_2943] [val]
CMD: SET [b_2944] [val]
CMD: SET [b_2945] [val]
CMD: SET [b_2946] [val]
CMD: SET [b_2947] [val]
CMD: SET [b_2948] [val]
CMD: SET [b_2949] [val]
CMD: SET [b_2950] [val]
CMD: SET [b_2951] [val]
CMD: SET [b_2952] [val]
CMD: SET [b_2953] [val]
CMD: SET [b_2954] [val]
CMD: SET [b_2955] [val]
CMD: SET [b_2956] [val]
CMD: SET [b_2957] [val]
CMD: SET [b_2958] [val]
CMD: SET [b_2959] [val]
CMD: SET [b_2960] [val]
CMD: SET [b_2961] [val]
CMD: SET [b_2962] [val]
CMD: SET [b_2963] [val]
CMD: SET [b_2964] [val]
CMD: SET [b_2965] [val]
CMD: SET [b_2966] [val]
CMD: SET [b_2967] [val]
CMD: SET [b_2968] [val]
CMD: SET [b_2969] [val]
CMD: SET [b_2970] [val]
CMD: SET [b_2971] [val]
CMD: SET [b_2972] [val]
CMD: SET [b_2973] [val]
CMD: SET [b_2974] [val]
CMD: SET [b_2975] [val]
CMD: SET [b_2976] [val]
CMD: SET [b_2977] [val]
CMD: SET [b_2978] [val]
CMD: SET [b_2979] [val]
CMD: SET [b_2980] [val]
CMD: SET [b_2981] [val]
CMD: SET [b_2982] [val]
CMD: SET [b_2983] [val]
CMD: SET [b_2984] [val]
CMD: SET [b_2985] [val]
CMD: SET [b_2986] [val]
CMD: SET [b_2987] [val]
CMD: SET [b_2988] [val]
CMD: SET [b_2989] [val]
CMD: SET [b_2990] [val]
CMD: SET [b_2991] [val]
CMD: SET [b_2992] [val]
CMD: SET [b_2993] [val]
CMD: SET [b_2994] [val]
CMD: SET [b_2995] [val]
CMD: SET [b_2996] [val]
CMD: SET [b_2997] [val]
CMD: SET [b_2998] [val]
CMD: SET [b_2999] [val]
CMD: SET [b_3000] [val]
CMD: SET [b_3001] [val]
CMD: SET [b_3002] [val]
CMD: SET [b_3003] [val]
CMD: SET [b_3004] [val]
CMD: SET [b_3005] [val]
CMD: SET [b_3006] [val]
CMD: SET [b_3007] [val]
CMD: SET [b_3008] [val]
CMD: SET [b_3009] [val]
CMD: SET [b_3010] [val]
CMD: SET [b_3011] [val]
CMD: SET [b_3012] [val]
CMD: SET [b_3013] [val]
CMD: SET [b_3014] [val]
CMD: SET [b_3015] [val]
CMD: SET [b_3016] [val]
CMD: SET [b_3017] [val]
CMD: SET [b_3018] [val]
CMD: SET [b_3019] [val]
CMD: SET [b_3020] [val]
CMD: SET [b_3021] [val]
CMD: SET [b_3022] [val]
CMD: SET [b_3023] [val]
CMD: SET [b_3024] [val]
CMD: SET [b_3025] [val]
CMD: SET [b_3026] [val]
CMD: SET [b_3027] [val]
CMD: SET [b_3028] [val]
CMD: SET [b_3029] [val]
CMD: SET [b_3030] [val]
CMD: SET [b_3031] [val]
CMD: SET [b_3032] [val]
CMD: SET [b_3033] [val]
CMD: SET [b_3034] [val]
CMD: SET [b_3035] [val]
CMD: SET [b_3036] [val]
CMD: SET [b_3037] [val]
CMD: SET [b_3038] [val]
CMD: SET [b_3039] [val]
CMD: SET [b_3040] [val]
CMD: SET [b_3041] [val]
CMD: SET [b_3042] [val]
CMD: SET [b_3043] [val]
CMD: SET [b_3044] [val]
CMD: SET [b_3045] [val]
CMD: SET [b_3046] [val]
CMD: SET [b_3047] [val]
CMD: SET [b_3048] [val]
CMD: SET [b_3049] [val]
CMD: SET [b_3050] [val]
CMD: SET [b_3051] [val]
CMD: SET [b_3052] [val]
CMD: SET [b_3053] [val]
CMD: SET [b_3054] [val]
CMD: SET [b_3055] [val]
CMD: SET [b_3056] [val]
CMD: SET [b_3057] [val]
CMD: SET [b_3058] [val]
CMD: SET [b_3059] [val]
CMD: SET [b_3060] [val]
CMD: SET [b_3061] [val]
CMD: SET [b_3062] [val]
CMD: SET [b_3063] [val]
CMD: SET [b_3064] [val]
CMD: SET [b_3065] [val]
CMD: SET [b_3066] [val]
CMD: SET [b_3067] [val]
CMD: SET [b_3068] [val]
CMD: SET [b_3069] [val]
CMD: SET [b_3070] [val]
CMD: SET [b_3071] [val]
CMD: SET [b_3072] [val]
CMD: SET [b_3073] [val]
CMD: SET [b_3074] [val]
CMD: SET [b_3075] [val]
CMD: SET [b_3076] [val]
CMD: SET [b_3077] [val]
CMD: SET [b_3078] [val]
CMD: SET [b_3079] [val]
CMD: SET [b_3080] [val]
CMD: SET [b_3081] [val]
CMD: SET [b_3082] [val]
CMD: SET [b_3083] [val]
CMD: SET [b_3084] [val]
CMD: SET [b_3085] [val]
CMD: SET [b_3086] [val]
CMD: SET [b_3087] [val]
CMD: SET [b_3088] [val]
CMD: SET [b_3089] [val]
CMD: SET [b_3090] [val]
CMD: SET [b_3091] [val]
CMD: SET [b_3092] [val]
CMD: SET [b_3093] [val]
CMD: SET [b_3094] [val]
CMD: SET [b_3095] [val]
CMD: SET [b_3096] [val]
CMD: SET [b_3097] [val]
CMD: SET [b_3098] [val]
CMD: SET [b_3099] [val]
CMD: SET [b_3100] [val]
CMD: SET [b_3101] [val]
CMD: SET [b_3102] [val]
CMD: SET [b_3103] [val]
CMD: SET [b_3104] [val]
CMD: SET [b_3105] [val]
CMD: SET [b_3106] [val]
CMD: SET [b_3107] [val]
CMD: SET [b_3108] [val]
CMD: SET [b_3109] [val]
CMD: SET [b_3110] [val]
CMD: SET [b_3111] [val]
CMD: SET [b_3112] [val]
CMD: SET [b_3113] [val]
CMD: SET [b_3114] [val]
CMD: SET [b_3115] [val]
CMD: SET [b_3116] [val]
CMD: SET [b_3117] [val]
CMD: SET [b_3118] [val]
CMD: SET [b_3119] [val]
CMD: SET [b_3120] [val]
CMD: SET [b_3121] [val]
CMD: SET [b_3122] [val]
CMD: SET [b_3123] [val]
CMD: SET [b_3124] [val]
CMD: SET [b_3125] [val]
CMD: SET [b_3126] [val]
CMD: SET [b_3127] [val]
CMD: SET [b_3128] [val]
CMD: SET [b_3129] [val]
CMD: SET [b_3130] [val]
CMD: SET [b_3131] [val]
CMD: SET [b_3132] [val]
CMD: SET [b_3133] [val]
CMD: SET [b_3134] [val]
CMD: SET [b_3135] [val]
CMD: SET [b_3136] [val]
CMD: SET [b_3137] [val]
CMD: SET [b_3138] [val]
CMD: SET [b_3139] [val]
CMD: SET [b_3140] [val]
CMD: SET [b_3141] [val]
CMD: SET [b_3142] [val]
CMD: SET [b_3143] [val]
CMD: SET [b_3144] [val]
CMD: SET [b_3145] [val]
CMD: SET [b_3146] [val]
CMD: SET [b_3147] [val]
CMD: SET [b_3148] [val]
CMD: SET [b_3149] [val]
CMD: SET [b_3150] [val]
CMD: SET [b_3151] [val]
CMD: SET [b_3152] [val]
CMD: SET [b_3153] [val]
CMD: SET [b_3154] [val]
CMD: SET [b_3155] [val]
CMD: SET [b_3156] [val]
CMD: SET [b_3157] [val]
CMD: SET [b_3158] [val]
CMD: SET [b_3159] [val]
CMD: SET [b_3160] [val]
CMD: SET [b_3161] [val]
CMD: SET [b_3162] [val]
CMD: SET [b_3163] [val]
CMD: SET [b_3164] [val]
CMD: SET [b_3165] [val]
CMD: SET [b_3166] [val]
CMD: SET [b_3167] [val]
CMD: SET [b_3168] [val]
CMD: SET [b_3169] [val]
CMD: SET [b_3170] [val]
CMD: SET [b_3171] [val]
CMD: SET [b_3172] [val]
CMD: SET [b_3173] [val]
CMD: SET [b_3174] [val]
CMD: SET [b_3175] [val]
CMD: SET [b_3176] [val]
CMD: SET [b_3177] [val]
CMD: SET [b_3178] [val]
CMD: SET [b_3179] [val]
CMD: SET [b_3180] [val]
CMD: SET [b_3181] [val]
CMD: SET [b_3182] [val]
CMD: SET [b_3183] [val]
CMD: SET [b_3184] [val]
CMD: SET [b_3185] [val]
CMD: SET [b_3186] [val]
CMD: SET [b_3187] [val]
CMD: SET [b_3188] [val]
CMD: SET [b_3189] [val]
CMD: SET [b_3190] [val]
CMD: SET [b_3191] [val]
CMD: SET [b_3192] [val]
CMD: SET [b_3193] [val]
CMD: SET [b_3194] [val]
CMD: SET [b_3195] [val]
CMD: SET [b_3196] [val]
CMD: SET [b_3197] [val]
CMD: SET [b_3198] [val]
CMD: SET [b_3199] [val]
CMD: SET [b_3200] [val]
CMD: SET [b_3201] [val]
CMD: SET [b_3202] [val]
CMD: SET [b_3203] [val]
CMD: SET [b_3204] [val]
CMD: SET [b_3205] [val]
CMD: SET [b_3206] [val]
CMD: SET [b_3207] [val]
CMD: SET [b_3208] [val]
CMD: SET [b_3209] [val]
CMD: SET [b_3210] [val]
CMD: SET [b_3211] [val]
CMD: SET [b_3212] [val]
CMD: SET [b_3213] [val]
CMD: SET [b_3214] [val]
CMD: SET [b_3215] [val]
CMD: SET [b_3216] [val]
CMD: SET [b_3217] [val]
CMD: SET [b_3218] [val]
CMD: SET [b_3219] [val]
CMD: SET [b_3220] [val]
CMD: SET [b_3221] [val]
CMD: SET [b_3222] [val]
CMD: SET [b_3223] [val]
CMD: SET [b_3224] [val]
CMD: SET [b_3225] [val]
CMD: SET [b_3226] [val]
CMD: SET [b_3227] [val]
CMD: SET [b_3228] [val]
CMD: SET [b_3229] [val]
CMD: SET [b_3230] [val]
CMD: SET [b_3231] [val]
CMD: SET [b_3232] [val]
CMD: SET [b_3233] [val]
CMD: SET [b_3234] [val]
CMD: SET [b_3235] [val]
CMD: SET [b_3236] [val]
CMD: SET [b_3237] [val]
CMD: SET [b_3238] [val]
CMD: SET [b_3239] [val]
CMD: SET [b_3240] [val]
CMD: SET [b_3241] [val]
CMD: SET [b_3242] [val]
CMD: SET [b_3243] [val]
CMD: SET [b_3244] [val]
CMD: SET [b_3245] [val]
CMD: SET [b_3246] [val]
CMD: SET [b_3247] [val]
CMD: SET [b_3248] [val]
CMD: SET [b_3249] [val]
CMD: SET [b_3250] [val]
CMD: SET [b_3251] [val]
CMD: SET [b_3252] [val]
CMD: SET [b_3253] [val]
CMD: SET [b_3254] [val]
CMD: SET [b_3255] [val]
CMD: SET [b_3256] [val]
CMD: SET [b_3257] [val]
CMD: SET [b_3258] [val]
CMD: SET [b_3259] [val]
CMD: SET [b_3260] [val]
CMD: SET [b_3261] [val]
CMD: SET [b_3262] [val]
CMD: SET [b_3263] [val]
CMD: SET [b_3264] [val]
CMD: SET [b_3265] [val]
CMD: SET [b_3266] [val]
CMD: SET [b_3267] [val]
CMD: SET [b_3268] [val]
CMD: SET [b_3269] [val]
CMD: SET [b_3270] [val]
CMD: SET [b_3271] [val]
CMD: SET [b_3272] [val]
CMD: SET [b_3273] [val]
CMD: SET [b_3274] [val]
CMD: SET [b_3275] [val]
CMD: SET [b_3276] [val]
CMD: SET [b_3277] [val]
CMD: SET [b_3278] [val]
CMD: SET [b_3279] [val]
CMD: SET [b_3280] [val]
CMD: SET [b_3281] [val]
CMD: SET [b_3282] [val]
CMD: SET [b_3283] [val]
CMD: SET [b_3284] [val]
CMD: SET [b_3285] [val]
CMD: SET [b_3286] [val]
CMD: SET [b_3287] [val]
CMD: SET [b_3288] [val]
CMD: SET [b_3289] [val]
CMD: SET [b_3290] [val]
CMD: SET [b_3291] [val]
CMD: SET [b_3292] [val]
CMD: SET [b_3293] [val]
CMD: SET [b_3294] [val]
CMD: SET [b_3295] [val]
CMD: SET [b_3296] [val]
CMD: SET [b_3297] [val]
CMD: SET [b_3298] [val]
CMD: SET [b_3299] [val]
CMD: SET [b_3300] [val]
CMD: SET [b_3301] [val]
CMD: SET [b_3302] [val]
CMD: SET [b_3303] [val]
CMD: SET [b_3304] [val]
CMD: SET [b_3305] [val]
CMD: SET [b_3306] [val]
CMD: SET [b_3307] [val]
CMD: SET [b_3308] [val]
CMD: SET [b_3309] [val]
CMD: SET [b_3310] [val]
CMD: SET [b_3311] [val]
CMD: SET [b_3312] [val]
CMD: SET [b_3313] [val]
CMD: SET [b_3314] [val]
CMD: SET [b_3315] [val]
CMD: SET [b_3316] [val]
CMD: SET [b_3317] [val]
CMD: SET [b_3318] [val]
CMD: SET [b_3319] [val]
CMD: SET [b_3320] [val]
CMD: SET [b_3321] [val]
CMD: SET [b_3322] [val]
CMD: SET [b_3323] [val]
CMD: SET [b_3324] [val]
CMD: SET [b_3325] [val]
CMD: SET [b_3326] [val]
CMD: SET [b_3327] [val]
CMD: SET [b_3328] [val]
CMD: SET [b_3329] [val]
CMD: SET [b_3330] [val]
CMD: SET [b_3331] [val]
CMD: SET [b_3332] [val]
CMD: SET [b_3333] [val]
CMD: SET [b_3334] [val]
CMD: SET [b_3335] [val]
CMD: SET [b_3336] [val]
CMD: SET [b_3337] [val]
CMD: SET [b_3338] [val]
CMD: SET [b_3339] [val]
CMD: SET [b_3340] [val]
CMD: SET [b_3341] [val]
CMD: SET [b_3342] [val]
CMD: SET [b_3343] [val]
CMD: SET [b_3344] [val]
CMD: SET [b_3345] [val]
CMD: SET [b_3346] [val]
CMD: SET [b_3347] [val]
CMD: SET [b_3348] [val]
CMD: SET [b_3349] [val]
CMD: SET [b_3350] [val]
CMD: SET [b_3351] [val]
CMD: SET [b_3352] [val]
CMD: SET [b_3353] [val]
CMD: SET [b_3354] [val]
CMD: SET [b_3355] [val]
CMD: SET [b_3356] [val]
CMD: SET [b_3357] [val]
CMD: SET [b_3358] [val]
CMD: SET [b_3359] [val]
CMD: SET [b_3360] [val]
CMD: SET [b_3361] [val]
CMD: SET [b_3362] [val]
CMD: SET [b_3363] [val]
CMD: SET [b_3364] [val]
CMD: SET [b_3365] [val]
CMD: SET [b_3366] [val]
CMD: SET [b_3367] [val]
CMD: SET [b_3368] [val]
CMD: SET [b_3369] [val]
CMD: SET [b_3370] [val]
CMD: SET [b_3371] [val]
CMD: SET [b_3372] [val]
CMD: SET [b_3373] [val]
CMD: SET [b_3374] [val]
CMD: SET [b_3375] [val]
CMD: SET [b_3376] [val]
CMD: SET [b_3377] [val]
CMD: SET [b_3378] [val]
CMD: SET [b_3379] [val]
CMD: SET [b_3380] [val]
CMD: SET [b_3381] [val]
CMD: SET [b_3382] [val]
CMD: SET [b_3383] [val]
CMD: SET [b_3384] [val]
CMD: SET [b_3385] [val]
CMD: SET [b_3386] [val]
CMD: SET [b_3387] [val]
CMD: SET [b_3388] [val]
CMD: SET [b_3389] [val]
CMD: SET [b_3390] [val]
CMD: SET [b_3391] [val]
CMD: SET [b_3392] [val]
CMD: SET [b_3393] [val]
CMD: SET [b_3394] [val]
CMD: SET [b_3395] [val]
CMD: SET [b_3396] [val]
CMD: SET [b_3397] [val]
CMD: SET [b_3398] [val]
CMD: SET [b_3399] [val]
CMD: SET [b_3400] [val]
CMD: SET [b_3401] [val]
CMD: SET [b_3402] [val]
CMD: SET [b_3403] [val]
CMD: SET [b_3404] [val]
CMD: SET [b_3405] [val]
CMD: SET [b_3406] [val]
CMD: SET [b_3407] [val]
CMD: SET [b_3408] [val]
CMD: SET [b_3409] [val]
CMD: SET [b_3410] [val]
CMD: SET [b_3411] [val]
CMD: SET [b_3412] [val]
CMD: SET [b_3413] [val]
CMD: SET [b_3414] [val]
CMD: SET [b_3415] [val]
CMD: SET [b_3416] [val]
CMD: SET [b_3417] [val]
CMD: SET [b_3418] [val]
CMD: SET [b_3419] [val]
CMD: SET [b_3420] [val]
CMD: SET [b_3421] [val]
CMD: SET [b_3422] [val]
CMD: SET [b_3423] [val]
CMD: SET [b_3424] [val]
CMD: SET [b_3425] [val]
CMD: SET [b_3426] [val]
CMD: SET [b_3427] [val]
CMD: SET [b_3428] [val]
CMD: SET [b_3429] [val]
CMD: SET [b_3430] [val]
CMD: SET [b_3431] [val]
CMD: SET [b_3432] [val]
CMD: SET [b_3433] [val]
CMD: SET [b_3434] [val]
CMD: SET [b_3435] [val]
CMD: SET [b_3436] [val]
CMD: SET [b_3437] [val]
CMD: SET [b_3438] [val]
CMD: SET [b_3439] [val]
CMD: SET [b_3440] [val]
CMD: SET [b_3441] [val]
CMD: SET [b_3442] [val]
CMD: SET [b_3443] [val]
CMD: SET [b_3444] [val]
CMD: SET [b_3445] [val]
CMD: SET [b_3446] [val]
CMD: SET [b_3447] [val]
CMD: SET [b_3448] [val]
CMD: SET [b_3449] [val]
CMD: SET [b_3450] [val]
CMD: SET [b_3451] [val]
CMD: SET [b_3452] [val]
CMD: SET [b_3453] [val]
CMD: SET [b_3454] [val]
CMD: SET [b_3455] [val]
CMD: SET [b_3456] [val]
CMD: SET [b_3457] [val]
CMD: SET [b_3458] [val]
CMD: SET [b_3459] [val]
CMD: SET [b_3460] [val]
CMD: SET [b_3461] [val]
CMD: SET [b_3462] [val]
CMD: SET [b_3463] [val]
CMD: SET [b_3464] [val]
CMD: SET [b_3465] [val]
CMD: SET [b_3466] [val]
CMD: SET [b_3467] [val]
CMD: SET [b_3468] [val]
CMD: SET [b_3469] [val]
CMD: SET [b_3470] [val]
CMD: SET [b_3471] [val]
CMD: SET [b_3472] [val]
CMD: SET [b_3473] [val]
CMD: SET [b_3474] [val]
CMD: SET [b_3475] [val]
CMD: SET [b_3476] [val]
CMD: SET [b_3477] [val]
CMD: SET [b_3478] [val]
CMD: SET [b_3479] [val]
CMD: SET [b_3480] [val]
CMD: SET [b_3481] [val]
CMD: SET [b_3482] [val]
CMD: SET [b_3483] [val]
CMD: SET [b_3484] [val]
CMD: SET [b_3485] [val]
CMD: SET [b_3486] [val]
CMD: SET [b_3487] [val]
CMD: SET [b_3488] [val]
CMD: SET [b_3489] [val]
CMD: SET [b_3490] [val]
CMD: SET [b_3491] [val]
CMD: SET [b_3492] [val]
CMD: SET [b_3493] [val]
CMD: SET [b_3494] [val]
CMD: SET [b_3495] [val]
CMD: SET [b_3496] [val]
CMD: SET [b_3497] [val]
CMD: SET [b_3498] [val]
CMD: SET [b_3499] [val]
CMD: SET [b_3500] [val]
CMD: SET [b_3501] [val]
CMD: SET [b_3502] [val]
CMD: SET [b_3503] [val]
CMD: SET [b_3504] [val]
CMD: SET [b_3505] [val]
CMD: SET [b_3506] [val]
CMD: SET [b_3507] [val]
CMD: SET [b_3508] [val]
CMD: SET [b_3509] [val]
CMD: SET [b_3510] [val]
CMD: SET [b_3511] [val]
CMD: SET [b_3512] [val]
CMD: SET [b_3513] [val]
CMD: SET [b_3514] [val]
CMD: SET [b_3515] [val]
CMD: SET [b_3516] [val]
CMD: SET [b_3517] [val]
CMD: SET [b_3518] [val]
CMD: SET [b_3519] [val]
CMD: SET [b_3520] [val]
CMD: SET [b_3521] [val]
CMD: SET [b_3522] [val]
CMD: SET [b_3523] [val]
CMD: SET [b_3524] [val]
CMD: SET [b_3525] [val]
CMD: SET [b_3526] [val]
CMD: SET [b_3527] [val]
CMD: SET [b_3528] [val]
CMD: SET [b_3529] [val]
CMD: SET [b_3530] [val]
CMD: SET [b_3531] [val]
CMD: SET [b_3532] [val]
CMD: SET [b_3533] [val]
CMD: SET [b_3534] [val]
CMD: SET [b_3535] [val]
CMD: SET [b_3536] [val]
CMD: SET [b_3537] [val]
CMD: SET [b_3538] [val]
CMD: SET [b_3539] [val]
CMD: SET [b_3540] [val]
CMD: SET [b_3541] [val]
CMD: SET [b_3542] [val]
CMD: SET [b_3543] [val]
CMD: SET [b_3544] [val]
CMD: SET [b_3545] [val]
CMD: SET [b_3546] [val]
CMD: SET [b_3547] [val]
CMD: SET [b_3548] [val]
CMD: SET [b_3549] [val]
CMD: SET [b_3550] [val]
CMD: SET [b_3551] [val]
CMD: SET [b_3552] [val]
CMD: SET [b_3553] [val]
CMD: SET [b_3554] [val]
CMD: SET [b_3555] [val]
CMD: SET [b_3556] [val]
CMD: SET [b_3557] [val]
CMD: SET [b_3558] [val]
CMD: SET [b_3559] [val]
CMD: SET [b_3560] [val]
CMD: SET [b_3561] [val]
CMD: SET [b_3562] [val]
CMD: SET [b_3563] [val]
CMD: SET [b_3564] [val]
CMD: SET [b_3565] [val]
CMD: SET [b_3566] [val]
CMD: SET [b_3567] [val]
CMD: SET [b_3568] [val]
CMD: SET [b_3569] [val]
CMD: SET [b_3570] [val]
CMD: SET [b_3571] [val]
CMD: SET [b_3572] [val]
CMD: SET [b_3573] [val]
CMD: SET [b_3574] [val]
CMD: SET [b_3575] [val]
CMD: SET [b_3576] [val]
CMD: SET [b_3577] [val]
CMD: SET [b_3578] [val]
CMD: SET [b_3579] [val]
CMD: SET [b_3580] [val]
CMD: SET [b_3581] [val]
CMD: SET [b_3582] [val]
CMD: SET [b_3583] [val]
CMD: SET [b_3584] [val]
CMD: SET [b_3585] [val]
CMD: SET [b_3586] [val]
CMD: SET [b_3587] [val]
CMD: SET [b_3588] [val]
CMD: SET [b_3589] [val]
CMD: SET [b_3590] [val]
CMD: SET [b_3591] [val]
CMD: SET [b_3592] [val]
CMD: SET [b_3593] [val]
CMD: SET [b_3594] [val]
CMD: SET [b_3595] [val]
CMD: SET [b_3596] [val]
CMD: SET [b_3597] [val]
CMD: SET [b_3598] [val]
CMD: SET [b_3599] [val]
CMD: SET [b_3600] [val]
CMD: SET [b_3601] [val]
CMD: SET [b_3602] [val]
CMD: SET [b_3603] [val]
CMD: SET [b_3604] [val]
CMD: SET [b_3605] [val]
CMD: SET [b_3606] [val]
CMD: SET [b_3607] [val]
CMD: SET [b_3608] [val]
CMD: SET [b_3609] [val]
CMD: SET [b_3610] [val]
CMD: SET [b_3611] [val]
CMD: SET [b_3612] [val]
CMD: SET [b_3613] [val]
CMD: SET [b_3614] [val]
CMD: SET [b_3615] [val]
CMD: SET [b_3616] [val]
CMD: SET [b_3617] [val]
CMD: SET [b_3618] [val]
CMD: SET [b_3619] [val]
CMD: SET [b_3620] [val]
CMD: SET [b_3621] [val]
CMD: SET [b_3622] [val]
CMD: SET [b_3623] [val]
CMD: SET [b_3624] [val]
CMD: SET [b_3625] [val]
CMD: SET [b_3626] [val]
CMD: SET [b_3627] [val]
CMD: SET [b_3628] [val]
CMD: SET [b_3629] [val]
CMD: SET [b_3630] [val]
CMD: SET [b_3631] [val]
CMD: SET [b_3632] [val]
CMD: SET [b_3633] [val]
CMD: SET [b_3634] [val]
CMD: SET [b_3635] [val]
CMD: SET [b_3636] [val]
CMD: SET [b_3637] [val]
CMD: SET [b_3638] [val]
CMD: SET [b_3639] [val]
CMD: SET [b_3640] [val]
CMD: SET [b_3641] [val]
CMD: SET [b_3642] [val]
CMD: SET [b_3643] [val]
CMD: SET [b_3644] [val]
CMD: SET [b_3645] [val]
CMD: SET [b_3646] [val]
CMD: SET [b_3647] [val]
CMD: SET [b_3648] [val]
CMD: SET [b_3649] [val]
CMD: SET [b_3650] [val]
CMD: SET [b_3651] [val]
CMD: SET [b_3652] [val]
CMD: SET [b_3653] [val]
CMD: SET [b_3654] [val]
CMD: SET [b_3655] [val]
CMD: SET [b_3656] [val]
CMD: SET [b_3657] [val]
CMD: SET [b_3658] [val]
CMD: SET [b_3659] [val]
CMD: SET [b_3660] [val]
CMD: SET [b_3661] [val]
CMD: SET [b_3662] [val]
CMD: SET [b_3663] [val]
CMD: SET [b_3664] [val]
CMD: SET [b_3665] [val]
CMD: SET [b_3666] [val]
CMD: SET [b_3667] [val]
CMD: SET [b_3668] [val]
CMD: SET [b_3669] [val]
CMD: SET [b_3670] [val]
CMD: SET [b_3671] [val]
CMD: SET [b_3672] [val]
CMD: SET [b_3673] [val]
CMD: SET [b_3674] [val]
CMD: SET [b_3675] [val]
CMD: SET [b_3676] [val]
CMD: SET [b_3677] [val]
CMD: SET [b_3678] [val]
CMD: SET [b_3679] [val]
CMD: SET [b_3680] [val]
CMD: SET [b_3681] [val]
CMD: SET [b_3682] [val]
CMD: SET [b_3683] [val]
CMD: SET [b_3684] [val]
CMD: SET [b_3685] [val]
CMD: SET [b_3686] [val]
CMD: SET [b_3687] [val]
CMD: SET [b_3688] [val]
CMD: SET [b_3689] [val]
CMD: SET [b_3690] [val]
CMD: SET [b_3691] [val]
CMD: SET [b_3692] [val]
CMD: SET [b_3693] [val]
CMD: SET [b_3694] [val]
CMD: SET [b_3695] [val]
CMD: SET [b_3696] [val]
CMD: SET [b_3697] [val]
CMD: SET [b_3698] [val]
CMD: SET [b_3699] [val]
CMD: SET [b_3700] [val]
CMD: SET [b_3701] [val]
CMD: SET [b_3702] [val]
CMD: SET [b_3703] [val]
CMD: SET [b_3704] [val]
CMD: SET [b_3705] [val]
CMD: SET [b_3706] [val]
CMD: SET [b_3707] [val]
CMD: SET [b_3708] [val]
CMD: SET [b_3709] [val]
CMD: SET [b_3710] [val]
CMD: SET [b_3711] [val]
CMD: SET [b_3712] [val]
CMD: SET [b_3713] [val]
CMD: SET [b_3714] [val]
CMD: SET [b_3715] [val]
CMD: SET [b_3716] [val]
CMD: SET [b_3717] [val]
CMD: SET [b_3718] [val]
CMD: SET [b_3719] [val]
CMD: SET [b_3720] [val]
CMD: SET [b_3721] [val]
CMD: SET [b_3722] [val]
CMD: SET [b_3723] [val]
CMD: SET [b_3724] [val]
CMD: SET [b_3725] [val]
CMD: SET [b_3726] [val]
CMD: SET [b_3727] [val]
CMD: SET [b_3728] [val]
CMD: SET [b_3729] [val]
CMD: SET [b_3730] [val]
CMD: SET [b_3731] [val]
CMD: SET [b_3732] [val]
CMD: SET [b_3733] [val]
CMD: SET [b_3734] [val]
CMD: SET [b_3735] [val]
CMD: SET [b_3736] [val]
CMD: SET [b_3737] [val]
CMD: SET [b_3738] [val]
CMD: SET [b_3739] [val]
CMD: SET [b_3740] [val]
CMD: SET [b_3741] [val]
CMD: SET [b_3742] [val]
CMD: SET [b_3743] [val]
CMD: SET [b_3744] [val]
CMD: SET [b_3745] [val]
CMD: SET [b_3746] [val]
CMD: SET [b_3747] [val]
CMD: SET [b_3748] [val]
CMD: SET [b_3749] [val]
CMD: SET [b_3750] [val]
CMD: SET [b_3751] [val]
CMD: SET [b_3752] [val]
CMD: SET [b_3753] [val]
CMD: SET [b_3754] [val]
CMD: SET [b_3755] [val]
CMD: SET [b_3756] [val]
CMD: SET [b_3757] [val]
CMD: SET [b_3758] [val]
CMD: SET [b_3759] [val]
CMD: SET [b_3760] [val]
CMD: SET [b_3761] [val]
CMD: SET [b_3762] [val]
CMD: SET [b_3763] [val]
CMD: SET [b_3764] [val]
CMD: SET [b_3765] [val]
CMD: SET [b_3766] [val]
CMD: SET [b_3767] [val]
CMD: SET [b_3768] [val]
CMD: SET [b_3769] [val]
CMD: SET [b_3770] [val]
CMD: SET [b_3771] [val]
CMD: SET [b_3772] [val]
CMD: SET [b_3773] [val]
CMD: SET [b_3774] [val]
CMD: SET [b_3775] [val]
CMD: SET [b_3776] [val]
CMD: SET [b_3777] [val]
CMD: SET [b_3778] [val]
CMD: SET [b_3779] [val]
CMD: SET [b_3780] [val]
CMD: SET [b_3781] [val]
CMD: SET [b_3782] [val]
CMD: SET [b_3783] [val]
CMD: SET [b_3784] [val]
CMD: SET [b_3785] [val]
CMD: SET [b_3786] [val]
CMD: SET [b_3787] [val]
CMD: SET [b_3788] [val]
CMD: SET [b_3789] [val]
CMD: SET [b_3790] [val]
CMD: SET [b_3791] [val]
CMD: SET [b_3792] [val]
CMD: SET [b_3793] [val]
CMD: SET [b_3794] [val]
CMD: SET [b_3795] [val]
CMD: SET [b_3796] [val]
CMD: SET [b_3797] [val]
CMD: SET [b_3798] [val]
CMD: SET [b_3799] [val]
CMD: SET [b_3800] [val]
CMD: SET [b_3801] [val]
CMD: SET [b_3802] [val]
CMD: SET [b_3803] [val]
CMD: SET [b_3804] [val]
CMD: SET [b_3805] [val]
CMD: SET [b_3806] [val]
CMD: SET [b_3807] [val]
CMD: SET [b_3808] [val]
CMD: SET [b_3809] [val]
CMD: SET [b_3810] [val]
CMD: SET [b_3811] [val]
CMD: SET [b_3812] [val]
CMD: SET [b_3813] [val]
CMD: SET [b_3814] [val]
CMD: SET [b_3815] [val]
CMD: SET [b_3816] [val]
CMD: SET [b_3817] [val]
CMD: SET [b_3818] [val]
CMD: SET [b_3819] [val]
CMD: SET [b_3820] [val]
CMD: SET [b_3821] [val]
CMD: SET [b_3822] [val]
CMD: SET [b_3823] [val]
CMD: SET [b_3824] [val]
CMD: SET [b_3825] [val]
CMD: SET [b_3826] [val]
CMD: SET [b_3827] [val]
CMD: SET [b_3828] [val]
CMD: SET [b_3829] [val]
CMD: SET [b_3830] [val]
CMD: SET [b_3831] [val]
CMD: SET [b_3832] [val]
CMD: SET [b_3833] [val]
CMD: SET [b_3834] [val]
CMD: SET [b_3835] [val]
CMD: SET [b_3836] [val]
CMD: SET [b_3837] [val]
CMD: SET [b_3838] [val]
CMD: SET [b_3839] [val]
CMD: SET [b_3840] [val]
CMD: SET [b_3841] [val]
CMD: SET [b_3842] [val]
CMD: SET [b_3843] [val]
CMD: SET [b_3844] [val]
CMD: SET [b_3845] [val]
CMD: SET [b_3846] [val]
CMD: SET [b_3847] [val]
CMD: SET [b_3848] [val]
CMD: SET [b_3849] [val]
CMD: SET [b_3850] [val]
CMD: SET [b_3851] [val]
CMD: SET [b_3852] [val]
CMD: SET [b_3853] [val]
CMD: SET [b_3854] [val]
CMD: SET [b_3855] [val]
CMD: SET [b_3856] [val]
CMD: SET [b_3857] [val]
CMD: SET [b_3858] [val]
CMD: SET [b_3859] [val]
CMD: SET [b_3860] [val]
CMD: SET [b_3861] [val]
CMD: SET [b_3862] [val]
CMD: SET [b_3863] [val]
CMD: SET [b_3864] [val]
CMD: SET [b_3865] [val]
CMD: SET [b_3866] [val]
CMD: SET [b_3867] [val]
CMD: SET [b_3868] [val]
CMD: SET [b_3869] [val]
CMD: SET [b_3870] [val]
CMD: SET [b_3871] [val]
CMD: SET [b_3872] [val]
CMD: SET [b_3873] [val]
CMD: SET [b_3874] [val]
CMD: SET [b_3875] [val]
CMD: SET [b_3876] [val]
CMD: SET [b_3877] [val]
CMD: SET [b_3878] [val]
CMD: SET [b_3879] [val]
CMD: SET [b_3880] [val]
CMD: SET [b_3881] [val]
CMD: SET [b_3882] [val]
CMD: SET [b_3883] [val]
CMD: SET [b_3884] [val]
CMD: SET [b_3885] [val]
CMD: SET [b_3886] [val]
CMD: SET [b_3887] [val]
CMD: SET [b_3888] [val]
CMD: SET [b_3889] [val]
CMD: SET [b_3890] [val]
CMD: SET [b_3891] [val]
CMD: SET [b_3892] [val]
CMD: SET [b_3893] [val]
CMD: SET [b_3894] [val]
CMD: SET [b_3895] [val]
CMD: SET [b_3896] [val]
CMD: SET [b_3897] [val]
CMD: SET [b_3898] [val]
CMD: SET [b_3899] [val]
CMD: SET [b_3900] [val]
CMD: SET [b_3901] [val]
CMD: SET [b_3902] [val]
CMD: SET [b_3903] [val]
CMD: SET [b_3904] [val]
CMD: SET [b_3905] [val]
CMD: SET [b_3906] [val]
CMD: SET [b_3907] [val]
CMD: SET [b_3908] [val]
CMD: SET [b_3909] [val]
CMD: SET [b_3910] [val]
CMD: SET [b_3911] [val]
CMD: SET [b_3912] [val]
CMD: SET [b_3913] [val]
CMD: SET [b_3914] [val]
CMD: SET [b_3915] [val]
CMD: SET [b_3916] [val]
CMD: SET [b_3917] [val]
CMD: SET [b_3918] [val]
CMD: SET [b_3919] [val]
CMD: SET [b_3920] [val]
CMD: SET [b_3921] [val]
CMD: SET [b_3922] [val]
CMD: SET [b_3923] [val]
CMD: SET [b_3924] [val]
CMD: SET [b_3925] [val]
CMD: SET [b_3926] [val]
CMD: SET [b_3927] [val]
CMD: SET [b_3928] [val]
CMD: SET [b_3929] [val]
CMD: SET [b_3930] [val]
CMD: SET [b_3931] [val]
CMD: SET [b_3932] [val]
CMD: SET [b_3933] [val]
CMD: SET [b_3934] [val]
CMD: SET [b_3935] [val]
CMD: SET [b_3936] [val]
CMD: SET [b_3937] [val]
CMD: SET [b_3938] [val]
CMD: SET [b_3939] [val]
CMD: SET [b_3940] [val]
CMD: SET [b_3941] [val]
CMD: SET [b_3942] [val]
CMD: SET [b_3943] [val]
CMD: SET [b_3944] [val]
CMD: SET [b_3945] [val]
CMD: SET [b_3946] [val]
CMD: SET [b_3947] [val]
CMD: SET [b_3948] [val]
CMD: SET [b_3949] [val]
CMD: SET [b_3950] [val]
CMD: SET [b_3951] [val]
CMD: SET [b_3952] [val]
CMD: SET [b_3953] [val]
CMD: SET [b_3954] [val]
CMD: SET [b_3955] [val]
CMD: SET [b_3956] [val]
CMD: SET [b_3957] [val]
CMD: SET [b_3958] [val]
CMD: SET [b_3959] [val]
CMD: SET [b_3960] [val]
CMD: SET [b_3961] [val]
CMD: SET [b_3962] [val]
CMD: SET [b_3963] [val]
CMD: SET [b_3964] [val]
CMD: SET [b_3965] [val]
CMD: SET [b_3966] [val]
CMD: SET [b_3967] [val]
CMD: SET [b_3968] [val]
CMD: SET [b_3969] [val]
CMD: SET [b_3970] [val]
CMD: SET [b_3971] [val]
CMD: SET [b_3972] [val]
CMD: SET [b_3973] [val]
CMD: SET [b_3974] [val]
CMD: SET [b_3975] [val]
CMD: SET [b_3976] [val]
CMD: SET [b_3977] [val]
CMD: SET [b_3978] [val]
CMD: SET [b_3979] [val]
CMD: SET [b_3980] [val]
CMD: SET [b_3981] [val]
CMD: SET [b_3982] [val]
CMD: SET [b_3983] [val]
CMD: SET [b_3984] [val]
CMD: SET [b_3985] [val]
CMD: SET [b_3986] [val]
CMD: SET [b_3987] [val]
CMD: SET [b_3988] [val]
CMD: SET [b_3989] [val]
CMD: SET [b_3990] [val]
CMD: SET [b_3991] [val]
CMD: SET [b_3992] [val]
CMD: SET [b_3993] [val]
CMD: SET [b_3994] [val]
CMD: SET [b_3995] [val]
CMD: SET [b_3996] [val]
CMD: SET [b_3997] [val]
CMD: SET [b_3998] [val]
CMD: SET [b_3999] [val]
CMD: SET [b_4000] [val]
CMD: SET [b_4001] [val]
CMD: SET [b_4002] [val]
CMD: SET [b_4003] [val]
CMD: SET [b_4004] [val]
CMD: SET [b_4005] [val]
CMD: SET [b_4006] [val]
CMD: SET [b_4007] [val]
CMD: SET [b_4008] [val]
CMD: SET [b_4009] [val]
CMD: SET [b_4010] [val]
CMD: SET [b_4011] [val]
CMD: SET [b_4012] [val]
CMD: SET [b_4013] [val]
CMD: SET [b_4014] [val]
CMD: SET [b_4015] [val]
CMD: SET [b_4016] [val]
CMD: SET [b_4017] [val]
CMD: SET [b_4018] [val]
CMD: SET [b_4019] [val]
CMD: SET [b_4020] [val]
CMD: SET [b_4021] [val]
CMD: SET [b_4022] [val]
CMD: SET [b_4023] [val]
CMD: SET [b_4024] [val]
CMD: SET [b_4025] [val]
CMD: SET [b_4026] [val]
CMD: SET [b_4027] [val]
CMD: SET [b_4028] [val]
CMD: SET [b_4029] [val]
CMD: SET [b_4030] [val]
CMD: SET [b_4031] [val]
CMD: SET [b_4032] [val]
CMD: SET [b_4033] [val]
CMD: SET [b_4034] [val]
CMD: SET [b_4035] [val]
CMD: SET [b_4036] [val]
CMD: SET [b_4037] [val]
CMD: SET [b_4038] [val]
CMD: SET [b_4039] [val]
CMD: SET [b_4040] [val]
CMD: SET [b_4041] [val]
CMD: SET [b_4042] [val]
CMD: SET [b_4043] [val]
CMD: SET [b_4044] [val]
CMD: SET [b_4045] [val]
CMD: SET [b_4046] [val]
CMD: SET [b_4047] [val]
CMD: SET [b_4048] [val]
CMD: SET [b_4049] [val]
CMD: SET [b_4050] [val]
CMD: SET [b_4051] [val]
CMD: SET [b_4052] [val]
CMD: SET [b_4053] [val]
CMD: SET [b_4054] [val]
CMD: SET [b_4055] [val]
CMD: SET [b_4056] [val]
CMD: SET [b_4057] [val]
CMD: SET [b_4058] [val]
CMD: SET [b_4059] [val]
CMD: SET [b_4060] [val]
CMD: SET [b_4061] [val]
CMD: SET [b_4062] [val]
CMD: SET [b_4063] [val]
CMD: SET [b_4064] [val]
CMD: SET [b_4065] [val]
CMD: SET [b_4066] [val]
CMD: SET [b_4067] [val]
CMD: SET [b_4068] [val]
CMD: SET [b_4069] [val]
CMD: SET [b_4070] [val]
CMD: SET [b_4071] [val]
CMD: SET [b_4072] [val]
CMD: SET [b_4073] [val]
CMD: SET [b_4074] [val]
CMD: SET [b_4075] [val]
CMD: SET [b_4076] [val]
CMD: SET [b_4077] [val]
CMD: SET [b_4078] [val]
CMD: SET [b_4079] [val]
CMD: SET [b_4080] [val]
CMD: SET [b_4081] [val]
CMD: SET [b_4082] [val]
CMD: SET [b_4083] [val]
CMD: SET [b_4084] [val]
CMD: SET [b_4085] [val]
CMD: SET [b_4086] [val]
CMD: SET [b_4087] [val]
CMD: SET [b_4088] [val]
CMD: SET [b_4089] [val]
CMD: SET [b_4090] [val]
CMD: SET [b_4091] [val]
CMD: SET [b_4092] [val]
CMD: SET [b_4093] [val]
CMD: SET [b_4094] [val]
CMD: SET [b_4095] [val]
CMD: SET [b_4096] [val]
CMD: SET [b_4097] [val]
CMD: SET [b_4098] [val]
CMD: SET [b_4099] [val]
CMD: SET [b_4100] [val]
CMD: SET [b_4101] [val]
CMD: SET [b_4102] [val]
CMD: SET [b_4103] [val]
CMD: SET [b_4104] [val]
CMD: SET [b_4105] [val]
CMD: SET [b_4106] [val]
CMD: SET [b_4107] [val]
CMD: SET [b_4108] [val]
CMD: SET [b_4109] [val]
CMD: SET [b_4110] [val]
CMD: SET [b_4111] [val]
CMD: SET [b_4112] [val]
CMD: SET [b_4113] [val]
CMD: SET [b_4114] [val]
CMD: SET [b_4115] [val]
CMD: SET [b_4116] [val]
CMD: SET [b_4117] [val]
CMD: SET [b_4118] [val]
CMD: SET [b_4119] [val]
CMD: SET [b_4120] [val]
CMD: SET [b_4121] [val]
CMD: SET [b_4122] [val]
CMD: SET [b_4123] [val]
CMD: SET [b_4124] [val]
CMD: SET [b_4125] [val]
CMD: SET [b_4126] [val]
CMD: SET [b_4127] [val]
CMD: SET [b_4128] [val]
CMD: SET [b_4129] [val]
CMD: SET [b_4130] [val]
CMD: SET [b_4131] [val]
CMD: SET [b_4132] [val]
CMD: SET [b_4133] [val]
CMD: SET [b_4134] [val]
CMD: SET [b_4135] [val]
CMD: SET [b_4136] [val]
CMD: SET [b_4137] [val]
CMD: SET [b_4138] [val]
CMD: SET [b_4139] [val]
CMD: SET [b_4140] [val]
CMD: SET [b_4141] [val]
CMD: SET [b_4142] [val]
CMD: SET [b_4143] [val]
CMD: SET [b_4144] [val]
CMD: SET [b_4145] [val]
CMD: SET [b_4146] [val]
CMD: SET [b_4147] [val]
CMD: SET [b_4148] [val]
CMD: SET [b_4149] [val]
CMD: SET [b_4150] [val]
CMD: SET [b_4151] [val]
CMD: SET [b_4152] [val]
CMD: SET [b_4153] [val]
CMD: SET [b_4154] [val]
CMD: SET [b_4155] [val]
CMD: SET [b_4156] [val]
CMD: SET [b_4157] [val]
CMD: SET [b_4158] [val]
CMD: SET [b_4159] [val]
CMD: SET [b_4160] [val]
CMD: SET [b_4161] [val]
CMD: SET [b_4162] [val]
CMD: SET [b_4163] [val]
CMD: SET [b_4164] [val]
CMD: SET [b_4165] [val]
CMD: SET [b_4166] [val]
CMD: SET [b_4167] [val]
CMD: SET [b_4168] [val]
CMD: SET [b_4169] [val]
CMD: SET [b_4170] [val]
CMD: SET [b_4171] [val]
CMD: SET [b_4172] [val]
CMD: SET [b_4173] [val]
CMD: SET [b_4174] [val]
CMD: SET [b_4175] [val]
CMD: SET [b_4176] [val]
CMD: SET [b_4177] [val]
CMD: SET [b_4178] [val]
CMD: SET [b_4179] [val]
CMD: SET [b_4180] [val]
CMD: SET [b_4181] [val]
CMD: SET [b_4182] [val]
CMD: SET [b_4183] [val]
CMD: SET [b_4184] [val]
CMD: SET [b_4185] [val]
CMD: SET [b_4186] [val]
CMD: SET [b_4187] [val]
CMD: SET [b_4188] [val]
CMD: SET [b_4189] [val]
CMD: SET [b_4190] [val]
CMD: SET [b_4191] [val]
CMD: SET [b_4192] [val]
CMD: SET [b_4193] [val]
CMD: SET [b_4194] [val]
CMD: SET [b_4195] [val]
CMD: SET [b_4196] [val]
CMD: SET [b_4197] [val]
CMD: SET [b_4198] [val]
CMD: SET [b_4199] [val]
CMD: SET [b_4200] [val]
CMD: SET [b_4201] [val]
CMD: SET [b_4202] [val]
CMD: SET [b_4203] [val]
CMD: SET [b_4204] [val]
CMD: SET [b_4205] [val]
CMD: SET [b_4206] [val]
CMD: SET [b_4207] [val]
CMD: SET [b_4208] [val]
CMD: SET [b_4209] [val]
CMD: SET [b_4210] [val]
CMD: SET [b_4211] [val]
CMD: SET [b_4212] [val]
CMD: SET [b_4213] [val]
CMD: SET [b_4214] [val]
CMD: SET [b_4215] [val]
CMD: SET [b_4216] [val]
CMD: SET [b_4217] [val]
CMD: SET [b_4218] [val]
CMD: SET [b_4219] [val]
CMD: SET [b_4220] [val]
CMD: SET [b_4221] [val]
CMD: SET [b_4222] [val]
CMD: SET [b_4223] [val]
CMD: SET [b_4224] [val]
CMD: SET [b_4225] [val]
CMD: SET [b_4226] [val]
CMD: SET [b_4227] [val]
CMD: SET [b_4228] [val]
CMD: SET [b_4229] [val]
CMD: SET [b_4230] [val]
CMD: SET [b_4231] [val]
CMD: SET [b_4232] [val]
CMD: SET [b_4233] [val]
CMD: SET [b_4234] [val]
CMD: SET [b_4235] [val]
CMD: SET [b_4236] [val]
CMD: SET [b_4237] [val]
CMD: SET [b_4238] [val]
CMD: SET [b_4239] [val]
CMD: SET [b_4240] [val]
CMD: SET [b_4241] [val]
CMD: SET [b_4242] [val]
CMD: SET [b_4243] [val]
CMD: SET [b_4244] [val]
CMD: SET [b_4245] [val]
CMD: SET [b_4246] [val]
CMD: SET [b_4247] [val]
CMD: SET [b_4248] [val]
CMD: SET [b_4249] [val]
CMD: SET [b_4250] [val]
CMD: SET [b_4251] [val]
CMD: SET [b_4252] [val]
CMD: SET [b_4253] [val]
CMD: SET [b_4254] [val]
CMD: SET [b_4255] [val]
CMD: SET [b_4256] [val]
CMD: SET [b_4257] [val]
CMD: SET [b_4258] [val]
CMD: SET [b_4259] [val]
CMD: SET [b_4260] [val]
CMD: SET [b_4261] [val]
CMD: SET [b_4262] [val]
CMD: SET [b_4263] [val]
CMD: SET [b_4264] [val]
CMD: SET [b_4265] [val]
CMD: SET [b_4266] [val]
CMD: SET [b_4267] [val]
CMD: SET [b_4268] [val]
CMD: SET [b_4269] [val]
CMD: SET [b_4270] [val]
CMD: SET [b_4271] [val]
CMD: SET [b_4272] [val]
CMD: SET [b_4273] [val]
CMD: SET [b_4274] [val]
CMD: SET [b_4275] [val]
CMD: SET [b_4276] [val]
CMD: SET [b_4277] [val]
CMD: SET [b_4278] [val]
CMD: SET [b_4279] [val]
CMD: SET [b_4280] [val]
CMD: SET [b_4281] [val]
CMD: SET [b_4282] [val]
CMD: SET [b_4283] [val]
CMD: SET [b_4284] [val]
CMD: SET [b_4285] [val]
CMD: SET [b_4286] [val]
CMD: SET [b_4287] [val]
CMD: SET [b_4288] [val]
CMD: SET [b_4289] [val]
CMD: SET [b_4290] [val]
CMD: SET [b_4291] [val]
CMD: SET [b_4292] [val]
CMD: SET [b_4293] [val]
CMD: SET [b_4294] [val]
CMD: SET [b_4295] [val]
CMD: SET [b_4296] [val]
CMD: SET [b_4297] [val]
CMD: SET [b_4298] [val]
CMD: SET [b_4299] [val]
CMD: SET [b_4300] [val]
CMD: SET [b_4301] [val]
CMD: SET [b_4302] [val]
CMD: SET [b_4303] [val]
CMD: SET [b_4304] [val]
CMD: SET [b_4305] [val]
CMD: SET [b_4306] [val]
CMD: SET [b_4307] [val]
CMD: SET [b_4308] [val]
CMD: SET [b_4309] [val]
CMD: SET [b_4310] [val]
CMD: SET [b_4311] [val]
CMD: SET [b_4312] [val]
CMD: SET [b_4313] [val]
CMD: SET [b_4314] [val]
CMD: SET [b_4315] [val]
CMD: SET [b_4316] [val]
CMD: SET [b_4317] [val]
CMD: SET [b_4318] [val]
CMD: SET [b_4319] [val]
CMD: SET [b_4320] [val]
CMD: SET [b_4321] [val]
CMD: SET [b_4322] [val]
CMD: SET [b_4323] [val]
CMD: SET [b_4324] [val]
CMD: SET [b_4325] [val]
CMD: SET [b_4326] [val]
CMD: SET [b_4327] [val]
CMD: SET [b_4328] [val]
CMD: SET [b_4329] [val]
CMD: SET [b_4330] [val]
CMD: SET [b_4331] [val]
CMD: SET [b_4332] [val]
CMD: SET [b_4333] [val]
CMD: SET [b_4334] [val]
CMD: SET [b_4335] [val]
CMD: SET [b_4336] [val]
CMD: SET [b_4337] [val]
CMD: SET [b_4338] [val]
CMD: SET [b_4339] [val]
CMD: SET [b_4340] [val]
CMD: SET [b_4341] [val]
CMD: SET [b_4342] [val]
CMD: SET [b_4343] [val]
CMD: SET [b_4344] [val]
CMD: SET [b_4345] [val]
CMD: SET [b_4346] [val]
CMD: SET [b_4347] [val]
CMD: SET [b_4348] [val]
CMD: SET [b_4349] [val]
CMD: SET [b_4350] [val]
CMD: SET [b_4351] [val]
CMD: SET [b_4352] [val]
CMD: SET [b_4353] [val]
CMD: SET [b_4354] [val]
CMD: SET [b_4355] [val]
CMD: SET [b_4356] [val]
CMD: SET [b_4357] [val]
CMD: SET [b_4358] [val]
CMD: SET [b_4359] [val]
CMD: SET [b_4360] [val]
CMD: SET [b_4361] [val]
CMD: SET [b_4362] [val]
CMD: SET [b_4363] [val]
CMD: SET [b_4364] [val]
CMD: SET [b_4365] [val]
CMD: SET [b_4366] [val]
CMD: SET [b_4367] [val]
CMD: SET [b_4368] [val]
CMD: SET [b_4369] [val]
CMD: SET [b_4370] [val]
CMD: SET [b_4371] [val]
CMD: SET [b_4372] [val]
CMD: SET [b_4373] [val]
CMD: SET [b_4374] [val]
CMD: SET [b_4375] [val]
CMD: SET [b_4376] [val]
CMD: SET [b_4377] [val]
CMD: SET [b_4378] [val]
CMD: SET [b_4379] [val]
CMD: SET [b_4380] [val]
CMD: SET [b_4381] [val]
CMD: SET [b_4382] [val]
CMD: SET [b_4383] [val]
CMD: SET [b_4384] [val]
CMD: SET [b_4385] [val]
CMD: SET [b_4386] [val]
CMD: SET [b_4387] [val]
CMD: SET [b_4388] [val]
CMD: SET [b_4389] [val]
CMD: SET [b_4390] [val]
CMD: SET [b_4391] [val]
CMD: SET [b_4392] [val]
CMD: SET [b_4393] [val]
CMD: SET [b_4394] [val]
CMD: SET [b_4395] [val]
CMD: SET [b_4396] [val]
CMD: SET [b_4397] [val]
CMD: SET [b_4398] [val]
CMD: SET [b_4399] [val]
CMD: SET [b_4400] [val]
CMD: SET [b_4401] [val]
CMD: SET [b_4402] [val]
CMD: SET [b_4403] [val]
CMD: SET [b_4404] [val]
CMD: SET [b_4405] [val]
CMD: SET [b_4406] [val]
CMD: SET [b_4407] [val]
CMD: SET [b_4408] [val]
CMD: SET [b_4409] [val]
CMD: SET [b_4410] [val]
CMD: SET [b_4411] [val]
CMD: SET [b_4412] [val]
CMD: SET [b_4413] [val]
CMD: SET [b_4414] [val]
CMD: SET [b_4415] [val]
CMD: SET [b_4416] [val]
CMD: SET [b_4417] [val]
CMD: SET [b_4418] [val]
CMD: SET [b_4419] [val]
CMD: SET [b_4420] [val]
CMD: SET [b_4421] [val]
CMD: SET [b_4422] [val]
CMD: SET [b_4423] [val]
CMD: SET [b_4424] [val]
CMD: SET [b_4425] [val]
CMD: SET [b_4426] [val]
CMD: SET [b_4427] [val]
CMD: SET [b_4428] [val]
CMD: SET [b_4429] [val]
CMD: SET [b_4430] [val]
CMD: SET [b_4431] [val]
CMD: SET [b_4432] [val]
CMD: SET [b_4433] [val]
CMD: SET [b_4434] [val]
CMD: SET [b_4435] [val]
CMD: SET [b_4436] [val]
CMD: SET [b_4437] [val]
CMD: SET [b_4438] [val]
CMD: SET [b_4439] [val]
CMD: SET [b_4440] [val]
CMD: SET [b_4441] [val]
CMD: SET [b_4442] [val]
CMD: SET [b_4443] [val]
CMD: SET [b_4444] [val]
CMD: SET [b_4445] [val]
CMD: SET [b_4446] [val]
CMD: SET [b_4447] [val]
CMD: SET [b_4448] [val]
CMD: SET [b_4449] [val]
CMD: SET [b_4450] [val]
CMD: SET [b_4451] [val]
CMD: SET [b_4452] [val]
CMD: SET [b_4453] [val]
CMD: SET [b_4454] [val]
CMD: SET [b_4455] [val]
CMD: SET [b_4456] [val]
CMD: SET [b_4457] [val]
CMD: SET [b_4458] [val]
CMD: SET [b_4459] [val]
CMD: SET [b_4460] [val]
CMD: SET [b_4461] [val]
CMD: SET [b_4462] [val]
CMD: SET [b_4463] [val]
CMD: SET [b_4464] [val]
CMD: SET [b_4465] [val]
CMD: SET [b_4466] [val]
CMD: SET [b_4467] [val]
CMD: SET [b_4468] [val]
CMD: SET [b_4469] [val]
CMD: SET [b_4470] [val]
CMD: SET [b_4471] [val]
CMD: SET [b_4472] [val]
CMD: SET [b_4473] [val]
CMD: SET [b_4474] [val]
CMD: SET [b_4475] [val]
CMD: SET [b_4476] [val]
CMD: SET [b_4477] [val]
CMD: SET [b_4478] [val]
CMD: SET [b_4479] [val]
CMD: SET [b_4480] [val]
CMD: SET [b_4481] [val]
CMD: SET [b_4482] [val]
CMD: SET [b_4483] [val]
CMD: SET [b_4484] [val]
CMD: SET [b_4485] [val]
CMD: SET [b_4486] [val]
CMD: SET [b_4487] [val]
CMD: SET [b_4488] [val]
CMD: SET [b_4489] [val]
CMD: SET [b_4490] [val]
CMD: SET [b_4491] [val]
CMD: SET [b_4492] [val]
CMD: SET [b_4493] [val]
CMD: SET [b_4494] [val]
CMD: SET [b_4495] [val]
CMD: SET [b_4496] [val]
CMD: SET [b_4497] [val]
CMD: SET [b_4498] [val]
CMD: SET [b_4499] [val]
CMD: SET [b_4500] [val]
CMD: SET [b_4501] [val]
CMD: SET [b_4502] [val]
CMD: SET [b_4503] [val]
CMD: SET [b_4504] [val]
CMD: SET [b_4505] [val]
CMD: SET [b_4506] [val]
CMD: SET [b_4507] [val]
CMD: SET [b_4508] [val]
CMD: SET [b_4509] [val]
CMD: SET [b_4510] [val]
CMD: SET [b_4511] [val]
CMD: SET [b_4512] [val]
CMD: SET [b_4513] [val]
CMD: SET [b_4514] [val]
CMD: SET [b_4515] [val]
CMD: SET [b_4516] [val]
CMD: SET [b_4517] [val]
CMD: SET [b_4518] [val]
CMD: SET [b_4519] [val]
CMD: SET [b_4520] [val]
CMD: SET [b_4521] [val]
CMD: SET [b_4522] [val]
CMD: SET [b_4523] [val]
CMD: SET [b_4524] [val]
CMD: SET [b_4525] [val]
CMD: SET [b_4526] [val]
CMD: SET [b_4527] [val]
CMD: SET [b_4528] [val]
CMD: SET [b_4529] [val]
CMD: SET [b_4530] [val]
CMD: SET [b_4531] [val]
CMD: SET [b_4532] [val]
CMD: SET [b_4533] [val]
CMD: SET [b_4534] [val]
CMD: SET [b_4535] [val]
CMD: SET [b_4536] [val]
CMD: SET [b_4537] [val]
CMD: SET [b_4538] [val]
CMD: SET [b_4539] [val]
CMD: SET [b_4540] [val]
CMD: SET [b_4541] [val]
CMD: SET [b_4542] [val]
CMD: SET [b_4543] [val]
CMD: SET [b_4544] [val]
CMD: SET [b_4545] [val]
CMD: SET [b_4546] [val]
CMD: SET [b_4547] [val]
CMD: SET [b_4548] [val]
CMD: SET [b_4549] [val]
CMD: SET [b_4550] [val]
CMD: SET [b_4551] [val]
CMD: SET [b_4552] [val]
CMD: SET [b_4553] [val]
CMD: SET [b_4554] [val]
CMD: SET [b_4555] [val]
CMD: SET [b_4556] [val]
CMD: SET [b_4557] [val]
CMD: SET [b_4558] [val]
CMD: SET [b_4559] [val]
CMD: SET [b_4560] [val]
CMD: SET [b_4561] [val]
CMD: SET [b_4562] [val]
CMD: SET [b_4563] [val]
CMD: SET [b_4564] [val]
CMD: SET [b_4565] [val]
CMD: SET [b_4566] [val]
CMD: SET [b_4567] [val]
CMD: SET [b_4568] [val]
CMD: SET [b_4569] [val]
CMD: SET [b_4570] [val]
CMD: SET [b_4571] [val]
CMD: SET [b_4572] [val]
CMD: SET [b_4573] [val]
CMD: SET [b_4574] [val]
CMD: SET [b_4575] [val]
CMD: SET [b_4576] [val]
CMD: SET [b_4577] [val]
CMD: SET [b_4578] [val]
CMD: SET [b_4579] [val]
CMD: SET [b_4580] [val]
CMD: SET [b_4581] [val]
CMD: SET [b_4582] [val]
CMD: SET [b_4583] [val]
CMD: SET [b_4584] [val]
CMD: SET [b_4585] [val]
CMD: SET [b_4586] [val]
CMD: SET [b_4587] [val]
CMD: SET [b_4588] [val]
CMD: SET [b_4589] [val]
CMD: SET [b_4590] [val]
CMD: SET [b_4591] [val]
CMD: SET [b_4592] [val]
CMD: SET [b_4593] [val]
CMD: SET [b_4594] [val]
CMD: SET [b_4595] [val]
CMD: SET [b_4596] [val]
CMD: SET [b_4597] [val]
CMD: SET [b_4598] [val]
CMD: SET [b_4599] [val]
CMD: SET [b_4600] [val]
CMD: SET [b_4601] [val]
CMD: SET [b_4602] [val]
CMD: SET [b_4603] [val]
CMD: SET [b_4604] [val]
CMD: SET [b_4605] [val]
CMD: SET [b_4606] [val]
CMD: SET [b_4607] [val]
CMD: SET [b_4608] [val]
CMD: SET [b_4609] [val]
CMD: SET [b_4610] [val]
CMD: SET [b_4611] [val]
CMD: SET [b_4612] [val]
CMD: SET [b_4613] [val]
CMD: SET [b_4614] [val]
CMD: SET [b_4615] [val]
CMD: SET [b_4616] [val]
CMD: SET [b_4617] [val]
CMD: SET [b_4618] [val]
CMD: SET [b_4619] [val]
CMD: SET [b_4620] [val]
CMD: SET [b_4621] [val]
CMD: SET [b_4622] [val]
CMD: SET [b_4623] [val]
CMD: SET [b_4624] [val]
CMD: SET [b_4625] [val]
CMD: SET [b_4626] [val]
CMD: SET [b_4627] [val]
CMD: SET [b_4628] [val]
CMD: SET [b_4629] [val]
CMD: SET [b_4630] [val]
CMD: SET [b_4631] [val]
CMD: SET [b_4632] [val]
CMD: SET [b_4633] [val]
CMD: SET [b_4634] [val]
CMD: SET [b_4635] [val]
CMD: SET [b_4636] [val]
CMD: SET [b_4637] [val]
CMD: SET [b_4638] [val]
CMD: SET [b_4639] [val]
CMD: SET [b_4640] [val]
CMD: SET [b_4641] [val]
CMD: SET [b_4642] [val]
CMD: SET [b_4643] [val]
CMD: SET [b_4644] [val]
CMD: SET [b_4645] [val]
CMD: SET [b_4646] [val]
CMD: SET [b_4647] [val]
CMD: SET [b_4648] [val]
CMD: SET [b_4649] [val]
CMD: SET [b_4650] [val]
CMD: SET [b_4651] [val]
CMD: SET [b_4652] [val]
CMD: SET [b_4653] [val]
CMD: SET [b_4654] [val]
CMD: SET [b_4655] [val]
CMD: SET [b_4656] [val]
CMD: SET [b_4657] [val]
CMD: SET [b_4658] [val]
CMD: SET [b_4659] [val]
CMD: SET [b_4660] [val]
CMD: SET [b_4661] [val]
CMD: SET [b_4662] [val]
CMD: SET [b_4663] [val]
CMD: SET [b_4664] [val]
CMD: SET [b_4665] [val]
CMD: SET [b_4666] [val]
CMD: SET [b_4667] [val]
CMD: SET [b_4668] [val]
CMD: SET [b_4669] [val]
CMD: SET [b_4670] [val]
CMD: SET [b_4671] [val]
CMD: SET [b_4672] [val]
CMD: SET [b_4673] [val]
CMD: SET [b_4674] [val]
CMD: SET [b_4675] [val]
CMD: SET [b_4676] [val]
CMD: SET [b_4677] [val]
CMD: SET [b_4678] [val]
CMD: SET [b_4679] [val]
CMD: SET [b_4680] [val]
CMD: SET [b_4681] [val]
CMD: SET [b_4682] [val]
CMD: SET [b_4683] [val]
CMD: SET [b_4684] [val]
CMD: SET [b_4685] [val]
CMD: SET [b_4686] [val]
CMD: SET [b_4687] [val]
CMD: SET [b_4688] [val]
CMD: SET [b_4689] [val]
CMD: SET [b_4690] [val]
CMD: SET [b_4691] [val]
CMD: SET [b_4692] [val]
CMD: SET [b_4693] [val]
CMD: SET [b_4694] [val]
CMD: SET [b_4695] [val]
CMD: SET [b_4696] [val]
CMD: SET [b_4697] [val]
CMD: SET [b_4698] [val]
CMD: SET [b_4699] [val]
CMD: SET [b_4700] [val]
CMD: SET [b_4701] [val]
CMD: SET [b_4702] [val]
CMD: SET [b_4703] [val]
CMD: SET [b_4704] [val]
CMD: SET [b_4705] [val]
CMD: SET [b_4706] [val]
CMD: SET [b_4707] [val]
CMD: SET [b_4708] [val]
CMD: SET [b_4709] [val]
CMD: SET [b_4710] [val]
CMD: SET [b_4711] [val]
CMD: SET [b_4712] [val]
CMD: SET [b_4713] [val]
CMD: SET [b_4714] [val]
CMD: SET [b_4715] [val]
CMD: SET [b_4716] [val]
CMD: SET [b_4717] [val]
CMD: SET [b_4718] [val]
CMD: SET [b_4719] [val]
CMD: SET [b_4720] [val]
CMD: SET [b_4721] [val]
CMD: SET [b_4722] [val]
CMD: SET [b_4723] [val]
CMD: SET [b_4724] [val]
CMD: SET [b_4725] [val]
CMD: SET [b_4726] [val]
CMD: SET [b_4727] [val]
CMD: SET [b_4728] [val]
CMD: SET [b_4729] [val]
CMD: SET [b_4730] [val]
CMD: SET [b_4731] [val]
CMD: SET [b_4732] [val]
CMD: SET [b_4733] [val]
CMD: SET [b_4734] [val]
CMD: SET [b_4735] [val]
CMD: SET [b_4736] [val]
CMD: SET [b_4737] [val]
CMD: SET [b_4738] [val]
CMD: SET [b_4739] [val]
CMD: SET [b_4740] [val]
CMD: SET [b_4741] [val]
CMD: SET [b_4742] [val]
CMD: SET [b_4743] [val]
CMD: SET [b_4744] [val]
CMD: SET [b_4745] [val]
CMD: SET [b_4746] [val]
CMD: SET [b_4747] [val]
CMD: SET [b_4748] [val]
CMD: SET [b_4749] [val]
CMD: SET [b_4750] [val]
CMD: SET [b_4751] [val]
CMD: SET [b_4752] [val]
CMD: SET [b_4753] [val]
CMD: SET [b_4754] [val]
CMD: SET [b_4755] [val]
CMD: SET [b_4756] [val]
CMD: SET [b_4757] [val]
CMD: SET [b_4758] [val]
CMD: SET [b_4759] [val]
CMD: SET [b_4760] [val]
CMD: SET [b_4761] [val]
CMD: SET [b_4762] [val]
CMD: SET [b_4763] [val]
CMD: SET [b_4764] [val]
CMD: SET [b_4765] [val]
CMD: SET [b_4766] [val]
CMD: SET [b_4767] [val]
CMD: SET [b_4768] [val]
CMD: SET [b_4769] [val]
CMD: SET [b_4770] [val]
CMD: SET [b_4771] [val]
CMD: SET [b_4772] [val]
CMD: SET [b_4773] [val]
CMD: SET [b_4774] [val]
CMD: SET [b_4775] [val]
CMD: SET [b_4776] [val]
CMD: SET [b_4777] [val]
CMD: SET [b_4778] [val]
CMD: SET [b_4779] [val]
CMD: SET [b_4780] [val]
CMD: SET [b_4781] [val]
CMD: SET [b_4782] [val]
CMD: SET [b_4783] [val]
CMD: SET [b_4784] [val]
CMD: SET [b_4785] [val]
CMD: SET [b_4786] [val]
CMD: SET [b_4787] [val]
CMD: SET [b_4788] [val]
CMD: SET [b_4789] [val]
CMD: SET [b_4790] [val]
CMD: SET [b_4791] [val]
CMD: SET [b_4792] [val]
CMD: SET [b_4793] [val]
CMD: SET [b_4794] [val]
CMD: SET [b_4795] [val]
CMD: SET [b_4796] [val]
CMD: SET [b_4797] [val]
CMD: SET [b_4798] [val]
CMD: SET [b_4799] [val]
CMD: SET [b_4800] [val]
CMD: SET [b_4801] [val]
CMD: SET [b_4802] [val]
CMD: SET [b_4803] [val]
CMD: SET [b_4804] [val]
CMD: SET [b_4805] [val]
CMD: SET [b_4806] [val]
CMD: SET [b_4807] [val]
CMD: SET [b_4808] [val]
CMD: SET [b_4809] [val]
CMD: SET [b_4810] [val]
CMD: SET [b_4811] [val]
CMD: SET [b_4812] [val]
CMD: SET [b_4813] [val]
CMD: SET [b_4814] [val]
CMD: SET [b_4815] [val]
CMD: SET [b_4816] [val]
CMD: SET [b_4817] [val]
CMD: SET [b_4818] [val]
CMD: SET [b_4819] [val]
CMD: SET [b_4820] [val]
CMD: SET [b_4821] [val]
CMD: SET [b_4822] [val]
CMD: SET [b_4823] [val]
CMD: SET [b_4824] [val]
CMD: SET [b_4825] [val]
CMD: SET [b_4826] [val]
CMD: SET [b_4827] [val]
CMD: SET [b_4828] [val]
CMD: SET [b_4829] [val]
CMD: SET [b_4830] [val]
CMD: SET [b_4831] [val]
CMD: SET [b_4832] [val]
CMD: SET [b_4833] [val]
CMD: SET [b_4834] [val]
CMD: SET [b_4835] [val]
CMD: SET [b_4836] [val]
CMD: SET [b_4837] [val]
CMD: SET [b_4838] [val]
CMD: SET [b_4839] [val]
CMD: SET [b_4840] [val]
CMD: SET [b_4841] [val]
CMD: SET [b_4842] [val]
CMD: SET [b_4843] [val]
CMD: SET [b_4844] [val]
CMD: SET [b_4845] [val]
CMD: SET [b_4846] [val]
CMD: SET [b_4847] [val]
CMD: SET [b_4848] [val]
CMD: SET [b_4849] [val]
CMD: SET [b_4850] [val]
CMD: SET [b_4851] [val]
CMD: SET [b_4852] [val]
CMD: SET [b_4853] [val]
CMD: SET [b_4854] [val]
CMD: SET [b_4855] [val]
CMD: SET [b_4856] [val]
CMD: SET [b_4857] [val]
CMD: SET [b_4858] [val]
CMD: SET [b_4859] [val]
CMD: SET [b_4860] [val]
CMD: SET [b_4861] [val]
CMD: SET [b_4862] [val]
CMD: SET [b_4863] [val]
CMD: SET [b_4864] [val]
CMD: SET [b_4865] [val]
CMD: SET [b_4866] [val]
CMD: SET [b_4867] [val]
CMD: SET [b_4868] [val]
CMD: SET [b_4869] [val]
CMD: SET [b_4870] [val]
CMD: SET [b_4871] [val]
CMD: SET [b_4872] [val]
CMD: SET [b_4873] [val]
CMD: SET [b_4874] [val]
CMD: SET [b_4875] [val]
CMD: SET [b_4876] [val]
CMD: SET [b_4877] [val]
CMD: SET [b_4878] [val]
CMD: SET [b_4879] [val]
CMD: SET [b_4880] [val]
CMD: SET [b_4881] [val]
CMD: SET [b_4882] [val]
CMD: SET [b_4883] [val]
CMD: SET [b_4884] [val]
CMD: SET [b_4885] [val]
CMD: SET [b_4886] [val]
CMD: SET [b_4887] [val]
CMD: SET [b_4888] [val]
CMD: SET [b_4889] [val]
CMD: SET [b_4890] [val]
CMD: SET [b_4891] [val]
CMD: SET [b_4892] [val]
CMD: SET [b_4893] [val]
CMD: SET [b_4894] [val]
CMD: SET [b_4895] [val]
CMD: SET [b_4896] [val]
CMD: SET [b_4897] [val]
CMD: SET [b_4898] [val]
CMD: SET [b_4899] [val]
CMD: SET [b_4900] [val]
CMD: SET [b_4901] [val]
CMD: SET [b_4902] [val]
CMD: SET [b_4903] [val]
CMD: SET [b_4904] [val]
CMD: SET [b_4905] [val]
CMD: SET [b_4906] [val]
CMD: SET [b_4907] [val]
CMD: SET [b_4908] [val]
CMD: SET [b_4909] [val]
CMD: SET [b_4910] [val]
CMD: SET [b_4911] [val]
CMD: SET [b_4912] [val]
CMD: SET [b_4913] [val]
CMD: SET [b_4914] [val]
CMD: SET [b_4915] [val]
CMD: SET [b_4916] [val]
CMD: SET [b_4917] [val]
CMD: SET [b_4918] [val]
CMD: SET [b_4919] [val]
CMD: SET [b_4920] [val]
CMD: SET [b_4921] [val]
CMD: SET [b_4922] [val]
CMD: SET [b_4923] [val]
CMD: SET [b_4924] [val]
CMD: SET [b_4925] [val]
CMD: SET [b_4926] [val]
CMD: SET [b_4927] [val]
CMD: SET [b_4928] [val]
CMD: SET [b_4929] [val]
CMD: SET [b_4930] [val]
CMD: SET [b_4931] [val]
CMD: SET [b_4932] [val]
CMD: SET [b_4933] [val]
CMD: SET [b_4934] [val]
CMD: SET [b_4935] [val]
CMD: SET [b_4936] [val]
CMD: SET [b_4937] [val]
CMD: SET [b_4938] [val]
CMD: SET [b_4939] [val]
CMD: SET [b_4940] [val]
CMD: SET [b_4941] [val]
CMD: SET [b_4942] [val]
CMD: SET [b_4943] [val]
CMD: SET [b_4944] [val]
CMD: SET [b_4945] [val]
CMD: SET [b_4946] [val]
CMD: SET [b_4947] [val]
CMD: SET [b_4948] [val]
CMD: SET [b_4949] [val]
CMD: SET [b_4950] [val]
CMD: SET [b_4951] [val]
CMD: SET [b_4952] [val]
CMD: SET [b_4953] [val]
CMD: SET [b_4954] [val]
CMD: SET [b_4955] [val]
CMD: SET [b_4956] [val]
CMD: SET [b_4957] [val]
CMD: SET [b_4958] [val]
CMD: SET [b_4959] [val]
CMD: SET [b_4960] [val]
CMD: SET [b_4961] [val]
CMD: SET [b_4962] [val]
CMD: SET [b_4963] [val]
CMD: SET [b_4964] [val]
CMD: SET [b_4965] [val]
CMD: SET [b_4966] [val]
CMD: SET [b_4967] [val]
CMD: SET [b_4968] [val]
CMD: SET [b_4969] [val]
CMD: SET [b_4970] [val]
CMD: SET [b_4971] [val]
CMD: SET [b_4972] [val]
CMD: SET [b_4973] [val]
CMD: SET [b_4974] [val]
CMD: SET [b_4975] [val]
CMD: SET [b_4976] [val]
CMD: SET [b_4977] [val]
CMD: SET [b_4978] [val]
CMD: SET [b_4979] [val]
CMD: SET [b_4980] [val]
CMD: SET [b_4981] [val]
CMD: SET [b_4982] [val]
CMD: SET [b_4983] [val]
CMD: SET [b_4984] [val]
CMD